活着,9.1,大陆,剧情,https://movie.douban.com/subject/1292365/,https://img3.doubanio.com/view/photo/s_ratio_poster/public/p2173575484.jpg
鬼子来了,9.2,大陆,剧情,https://movie.douban.com/subject/1291858/,https://img3.doubanio.com/view/photo/s_ratio_poster/public/p1181775734.jpg
西游记,9.4,大陆,剧情,https://movie.douban.com/subject/2156663/,https://img1.doubanio.com/view/photo/s_ratio_poster/public/p2265959269.jpg
潜伏,9.2,大陆,剧情,https://movie.douban.com/subject/3314870/,https://img3.doubanio.com/view/photo/s_ratio_poster/public/p2189694504.jpg
红楼梦,9.5,大陆,剧情,https://movie.douban.com/subject/1864810/,https://img3.doubanio.com/view/photo/s_ratio_poster/public/p1334142732.jpg
士兵突击,9.2,大陆,剧情,https://movie.douban.com/subject/2154096/,https://img3.doubanio.com/view/photo/s_ratio_poster/public/p2240922426.jpg
大宅门,9.2,大陆,剧情,https://movie.douban.com/subject/2181930/,https://img3.doubanio.com/view/photo/s_ratio_poster/public/p2312848796.jpg
康熙王朝,9.0,大陆,剧情,https://movie.douban.com/subject/1830590/,https://img1.doubanio.com/view/photo/s_ratio_poster/public/p2373067679.jpg
亮剑,9.0,大陆,剧情,https://movie.douban.com/subject/2254648/,https://img1.doubanio.com/view/photo/s_ratio_poster/public/p900419027.jpg
战长沙,9.1,大陆,剧情,https://movie.douban.com/subject/20258941/,https://img1.doubanio.com/view/photo/s_ratio_poster/public/p2186299818.jpg
三国演义,9.2,大陆,剧情,https://movie.douban.com/subject/1830528/,https://img1.doubanio.com/view/photo/s_ratio_poster/public/p1173541737.jpg
红色,9.2,大陆,剧情,https://movie.douban.com/subject/25966028/,https://img1.doubanio.com/view/photo/s_ratio_poster/public/p2204027229.jpg
芙蓉镇,9.0,大陆,剧情,https://movie.douban.com/subject/1297880/,https://img3.doubanio.com/view/photo/s_ratio_poster/public/p2184544013.jpg
大盗贼,9.3,大陆,剧情,https://movie.douban.com/subject/1899125/,https://img3.doubanio.com/view/photo/s_ratio_poster/public/p2313416144.jpg
大明王朝1566,9.6,大陆,剧情,https://movie.douban.com/subject/2210001/,https://img1.doubanio.com/view/photo/s_ratio_poster/public/p2444453078.jpg
我的团长我的团,9.0,大陆,剧情,https://movie.douban.com/subject/2997325/,https://img3.doubanio.com/view/photo/s_ratio_poster/public/p1826590030.jpg
黎明之前,9.2,大陆,剧情,https://movie.douban.com/subject/4894070/,https://img1.doubanio.com/view/photo/s_ratio_poster/public/p660356249.jpg
走向共和,9.6,大陆,剧情,https://movie.douban.com/subject/1441794/,https://img3.doubanio.com/view/photo/s_ratio_poster/public/p2328449064.jpg
父母爱情,9.0,大陆,剧情,https://movie.douban.com/subject/19965220/,https://img3.doubanio.com/view/photo/s_ratio_poster/public/p2166793436.jpg
茶馆,9.3,大陆,剧情,https://movie.douban.com/subject/1461403/,https://img3.doubanio.com/view/photo/s_ratio_poster/public/p2262122096.jpg
肖申克的救赎,9.6,美国,剧情,https://movie.douban.com/subject/1292052/,https://img3.doubanio.com/view/photo/s_ratio_poster/public/p480747492.jpg
阿甘正传,9.4,美国,剧情,https://movie.douban.com/subject/1292720/,https://img1.doubanio.com/view/photo/s_ratio_poster/public/p510876377.jpg
Inception,9.3,美国,剧情,https://movie.douban.com/subject/03541415/,https://img3.doubanio.com/view/photo/s_ratio_poster/public/p513344864.jpg
泰坦尼克号,9.2,美国,剧情,https://movie.douban.com/subject/1292722/,https://img3.doubanio.com/view/photo/s_ratio_poster/public/p457760035.jpg
海上钢琴师,9.2,美国,剧情,https://movie.douban.com/subject/1292001/,https://img1.doubanio.com/view/photo/s_ratio_poster/public/p511146807.jpg
少年派的奇幻漂流,9.0,美国,剧情,https://movie.douban.com/subject/1929463/,https://img3.doubanio.com/view/photo/s_ratio_poster/public/p1784592701.jpg
楚门的世界,9.1,美国,剧情,https://movie.douban.com/subject/1292064/,https://img3.doubanio.com/view/photo/s_ratio_poster/public/p479682972.jpg
忠犬八公的故事,9.2,美国,剧情,https://movie.douban.com/subject/3011091/,https://img3.doubanio.com/view/photo/s_ratio_poster/public/p524964016.jpg
星际穿越,9.1,美国,剧情,https://movie.douban.com/subject/1889243/,https://img3.doubanio.com/view/photo/s_ratio_poster/public/p2206088801.jpg
疯狂动物城,9.2,美国,剧情,https://movie.douban.com/subject/25662329/,https://img1.doubanio.com/view/photo/s_ratio_poster/public/p2315672647.jpg
辛德勒的名单,9.4,美国,剧情,https://movie.douban.com/subject/1295124/,https://img3.doubanio.com/view/photo/s_ratio_poster/public/p492406163.jpg
教父,9.2,美国,剧情,https://movie.douban.com/subject/1291841/,https://img3.doubanio.com/view/photo/s_ratio_poster/public/p2190556185.jpg
触不可及,9.1,美国,剧情,https://movie.douban.com/subject/6786002/,https://img3.doubanio.com/view/photo/s_ratio_poster/public/p1454261925.jpg
蝙蝠侠：黑暗骑士,9.0,美国,剧情,https://movie.douban.com/subject/1851857/,https://img3.doubanio.com/view/photo/s_ratio_poster/public/p462657443.jpg
指环王3：王者无敌,9.1,美国,剧情,https://movie.douban.com/subject/1291552/,https://img3.doubanio.com/view/photo/s_ratio_poster/public/p1910825503.jpg
乱世佳人,9.2,美国,剧情,https://movie.douban.com/subject/1300267/,https://img3.doubanio.com/view/photo/s_ratio_poster/public/p1963126880.jpg
飞越疯人院,9.0,美国,剧情,https://movie.douban.com/subject/1292224/,https://img1.doubanio.com/view/photo/s_ratio_poster/public/p792238287.jpg
两杆大烟枪,9.1,美国,剧情,https://movie.douban.com/subject/1293350/,https://img1.doubanio.com/view/photo/s_ratio_poster/public/p792443418.jpg
寻梦环游记,9.1,美国,剧情,https://movie.douban.com/subject/20495023/,https://img1.doubanio.com/view/photo/s_ratio_poster/public/p2503997609.jpg
钢琴家,9.0,美国,剧情,https://movie.douban.com/subject/1296736/,https://img3.doubanio.com/view/photo/s_ratio_poster/public/p792484461.jpg
霸王别姬,9.5,香港,剧情,https://movie.douban.com/subject/1291546/,https://img3.doubanio.com/view/photo/s_ratio_poster/public/p1910813120.jpg
大话西游之大圣娶亲,9.2,香港,剧情,https://movie.douban.com/subject/1292213/,https://img3.doubanio.com/view/photo/s_ratio_poster/public/p2455050536.jpg
无间道,9.0,香港,剧情,https://movie.douban.com/subject/1307914/,https://img3.doubanio.com/view/photo/s_ratio_poster/public/p2233971046.jpg
活着,9.1,香港,剧情,https://movie.douban.com/subject/1292365/,https://img3.doubanio.com/view/photo/s_ratio_poster/public/p2173575484.jpg
射雕英雄传,9.1,香港,剧情,https://movie.douban.com/subject/1478186/,https://img3.doubanio.com/view/photo/s_ratio_poster/public/p2175250901.jpg
大时代,9.2,香港,剧情,https://movie.douban.com/subject/1878605/,https://img3.doubanio.com/view/photo/s_ratio_poster/public/p1930386300.jpg
巾帼枭雄之义海豪情,9.1,香港,剧情,https://movie.douban.com/subject/4195676/,https://img1.doubanio.com/view/photo/s_ratio_poster/public/p2326890587.jpg
我和春天有个约会,9.0,香港,剧情,https://movie.douban.com/subject/2983434/,https://img1.doubanio.com/view/photo/s_ratio_poster/public/p2457679019.jpg
背靠背，脸对脸,9.3,香港,剧情,https://movie.douban.com/subject/1307856/,https://img1.doubanio.com/view/photo/s_ratio_poster/public/p2505048077.jpg
南海十三郎,9.1,香港,剧情,https://movie.douban.com/subject/1303913/,https://img1.doubanio.com/view/photo/s_ratio_poster/public/p2328424489.jpg
香港香港之霸王e姬,9.3,香港,剧情,https://movie.douban.com/subject/2995166/,https://img3.doubanio.com/view/photo/s_ratio_poster/public/p2208836580.jpg
上海滩,9.0,香港,剧情,https://movie.douban.com/subject/6311260/,https://img3.doubanio.com/view/photo/s_ratio_poster/public/p2344833803.jpg
剧的纪行 深夜特急,9.2,香港,剧情,https://movie.douban.com/subject/5093420/,https://img1.doubanio.com/view/photo/s_ratio_poster/public/p2379747069.jpg
帝女花,9.3,香港,剧情,https://movie.douban.com/subject/1918697/,https://img1.doubanio.com/view/photo/s_ratio_poster/public/p2324412917.jpg
大地恩情,9.1,香港,剧情,https://movie.douban.com/subject/3033834/,https://img3.doubanio.com/lpic/s3012614.jpg
假面骑士BLACK,9.3,香港,剧情,https://movie.douban.com/subject/3758779/,https://img1.doubanio.com/view/photo/s_ratio_poster/public/p2334172789.jpg
少年五虎,9.2,香港,剧情,https://movie.douban.com/subject/4160449/,https://img3.doubanio.com/view/photo/s_ratio_poster/public/p2455884602.jpg
幸福的旁边,9.2,香港,剧情,https://movie.douban.com/subject/26879897/,https://img3.doubanio.com/view/photo/s_ratio_poster/public/p2503447611.jpg
Small Matters 音乐录像故事,9.4,香港,剧情,https://movie.douban.com/subject/2295463/,https://img1.doubanio.com/lpic/s2752638.jpg
少年派的奇幻漂流,9.0,台湾,剧情,https://movie.douban.com/subject/1929463/,https://img3.doubanio.com/view/photo/s_ratio_poster/public/p1784592701.jpg
饮食男女,9.1,台湾,剧情,https://movie.douban.com/subject/1291818/,https://img3.doubanio.com/view/photo/s_ratio_poster/public/p1910899751.jpg
冲天,9.2,台湾,剧情,https://movie.douban.com/subject/26602234/,https://img3.doubanio.com/view/photo/s_ratio_poster/public/p2279974285.jpg
光阴的故事,9.2,台湾,剧情,https://movie.douban.com/subject/3284284/,https://img3.doubanio.com/view/photo/s_ratio_poster/public/p2323595852.jpg
一把青,9.2,台湾,剧情,https://movie.douban.com/subject/26461145/,https://img3.doubanio.com/view/photo/s_ratio_poster/public/p2289496520.jpg
危险心灵,9.1,台湾,剧情,https://movie.douban.com/subject/3018513/,https://img3.doubanio.com/view/photo/s_ratio_poster/public/p2283338286.jpg
花甲男孩转大人,9.2,台湾,剧情,https://movie.douban.com/subject/26980802/,https://img3.doubanio.com/view/photo/s_ratio_poster/public/p2461131122.jpg
霹雳兵燹之刀戟戡魔录,9.3,台湾,剧情,https://movie.douban.com/subject/1920824/,https://img3.doubanio.com/view/photo/s_ratio_poster/public/p2303383506.jpg
霹雳兵燹之刀戟戡魔录2,9.4,台湾,剧情,https://movie.douban.com/subject/1920826/,https://img3.doubanio.com/view/photo/s_ratio_poster/public/p2303383313.jpg
霹雳震寰宇之刀龙传说,9.0,台湾,剧情,https://movie.douban.com/subject/4065006/,https://img1.doubanio.com/view/photo/s_ratio_poster/public/p605090088.jpg
名扬四海,9.0,台湾,剧情,https://movie.douban.com/subject/2368642/,https://img3.doubanio.com/view/photo/s_ratio_poster/public/p2169944652.jpg
天地风云录之决战时刻,9.6,台湾,剧情,https://movie.douban.com/subject/10617152/,https://img1.doubanio.com/view/photo/s_ratio_poster/public/p2508820329.jpg
霹雳狂刀,9.3,台湾,剧情,https://movie.douban.com/subject/1939357/,https://img3.doubanio.com/lpic/s1946912.jpg
天地风云录之剑影魔踪,9.5,台湾,剧情,https://movie.douban.com/subject/25453612/,https://img1.doubanio.com/view/photo/s_ratio_poster/public/p2104309949.jpg
长假,9.0,台湾,剧情,https://movie.douban.com/subject/3098844/,https://img3.doubanio.com/view/photo/s_ratio_poster/public/p2153135246.jpg
霹雳兵燹,9.3,台湾,剧情,https://movie.douban.com/subject/1920838/,https://img1.doubanio.com/view/photo/s_ratio_poster/public/p1492646738.jpg
书店里的影像诗,9.5,台湾,剧情,https://movie.douban.com/subject/26888701/,https://img3.doubanio.com/view/photo/s_ratio_poster/public/p2387585513.jpg
后山日先照,9.2,台湾,剧情,https://movie.douban.com/subject/3018515/,https://img3.doubanio.com/view/photo/s_ratio_poster/public/p675704145.jpg
时之繁花,9.2,台湾,剧情,https://movie.douban.com/subject/25774028/,https://img3.doubanio.com/view/photo/s_ratio_poster/public/p2216519411.jpg
绝地花园：八个罕见病友的真情故事,9.1,台湾,剧情,https://movie.douban.com/subject/3032495/,https://img3.doubanio.com/lpic/s3008032.jpg
千与千寻,9.2,日本,剧情,https://movie.douban.com/subject/1291561/,https://img3.doubanio.com/view/photo/s_ratio_poster/public/p1910830216.jpg
胜者即是正义,9.3,日本,剧情,https://movie.douban.com/subject/10491666/,https://img3.doubanio.com/view/photo/s_ratio_poster/public/p1901775591.jpg
回忆积木小屋,9.3,日本,剧情,https://movie.douban.com/subject/3560787/,https://img3.doubanio.com/view/photo/s_ratio_poster/public/p2205961264.jpg
半泽直树,9.1,日本,剧情,https://movie.douban.com/subject/24697949/,https://img3.doubanio.com/view/photo/s_ratio_poster/public/p2411814194.jpg
深夜食堂,9.2,日本,剧情,https://movie.douban.com/subject/3991933/,https://img3.doubanio.com/view/photo/s_ratio_poster/public/p1584946881.jpg
交响情人梦,9.1,日本,剧情,https://movie.douban.com/subject/1997685/,https://img3.doubanio.com/view/photo/s_ratio_poster/public/p2191309034.jpg
胜者即是正义2,9.2,日本,剧情,https://movie.douban.com/subject/23997724/,https://img3.doubanio.com/view/photo/s_ratio_poster/public/p2171877514.jpg
七武士,9.2,日本,剧情,https://movie.douban.com/subject/1295399/,https://img3.doubanio.com/view/photo/s_ratio_poster/public/p647099823.jpg
东京爱情故事,9.4,日本,剧情,https://movie.douban.com/subject/1438760/,https://img3.doubanio.com/view/photo/s_ratio_poster/public/p2162780600.jpg
夏目友人帐,9.3,日本,剧情,https://movie.douban.com/subject/3060542/,https://img3.doubanio.com/view/photo/s_ratio_poster/public/p2221083211.jpg
我的恐怖妻子,9.0,日本,剧情,https://movie.douban.com/subject/26741568/,https://img3.doubanio.com/view/photo/s_ratio_poster/public/p2327507180.jpg
忠犬八公物语,9.0,日本,剧情,https://movie.douban.com/subject/1959195/,https://img3.doubanio.com/view/photo/s_ratio_poster/public/p2297934945.jpg
樱桃小丸子,9.0,日本,剧情,https://movie.douban.com/subject/1465037/,https://img1.doubanio.com/view/photo/s_ratio_poster/public/p2347386817.jpg
四重奏,9.1,日本,剧情,https://movie.douban.com/subject/26895171/,https://img1.doubanio.com/view/photo/s_ratio_poster/public/p2413247968.jpg
新世纪福音战士,9.3,日本,剧情,https://movie.douban.com/subject/1457573/,https://img3.doubanio.com/view/photo/s_ratio_poster/public/p2257368400.jpg
东京物语,9.2,日本,剧情,https://movie.douban.com/subject/1291568/,https://img3.doubanio.com/view/photo/s_ratio_poster/public/p1910832390.jpg
虫师,9.4,日本,剧情,https://movie.douban.com/subject/1800597/,https://img1.doubanio.com/view/photo/s_ratio_poster/public/p2242716237.jpg
无人知晓,9.0,日本,剧情,https://movie.douban.com/subject/1292337/,https://img3.doubanio.com/view/photo/s_ratio_poster/public/p661160053.jpg
夏目友人帐 第二季,9.4,日本,剧情,https://movie.douban.com/subject/3284269/,https://img3.doubanio.com/view/photo/s_ratio_poster/public/p2221082675.jpg
深夜食堂2,9.1,日本,剧情,https://movie.douban.com/subject/6796133/,https://img3.doubanio.com/view/photo/s_ratio_poster/public/p1974805636.jpg
辩护人,9.1,韩国,剧情,https://movie.douban.com/subject/21937445/,https://img3.doubanio.com/view/photo/s_ratio_poster/public/p2158166535.jpg
素媛,9.1,韩国,剧情,https://movie.douban.com/subject/21937452/,https://img3.doubanio.com/view/photo/s_ratio_poster/public/p2118532944.jpg
请回答1988,9.6,韩国,剧情,https://movie.douban.com/subject/26302614/,https://img3.doubanio.com/view/photo/s_ratio_poster/public/p2272563445.jpg
信号,9.2,韩国,剧情,https://movie.douban.com/subject/26310143/,https://img1.doubanio.com/view/photo/s_ratio_poster/public/p2304228229.jpg
我爱你,9.0,韩国,剧情,https://movie.douban.com/subject/5908478/,https://img1.doubanio.com/view/photo/s_ratio_poster/public/p1075591188.jpg
请回答1997,9.0,韩国,剧情,https://movie.douban.com/subject/11516684/,https://img1.doubanio.com/view/photo/s_ratio_poster/public/p2407174319.jpg
爱・回家,9.0,韩国,剧情,https://movie.douban.com/subject/1299361/,https://img3.doubanio.com/view/photo/s_ratio_poster/public/p2107418134.jpg
搞笑一家人,9.4,韩国,剧情,https://movie.douban.com/subject/2360882/,https://img3.doubanio.com/view/photo/s_ratio_poster/public/p2187842414.jpg
未生,9.3,韩国,剧情,https://movie.douban.com/subject/25870057/,https://img3.doubanio.com/view/photo/s_ratio_poster/public/p2217599066.jpg
秘密森林,9.2,韩国,剧情,https://movie.douban.com/subject/26934346/,https://img3.doubanio.com/view/photo/s_ratio_poster/public/p2460119184.jpg
心里的声音,9.0,韩国,剧情,https://movie.douban.com/subject/26435723/,https://img3.doubanio.com/view/photo/s_ratio_poster/public/p2388072355.jpg
我亲爱的朋友们,9.5,韩国,剧情,https://movie.douban.com/subject/26636816/,https://img1.doubanio.com/view/photo/s_ratio_poster/public/p2352956717.jpg
特殊失踪专案组：失踪的黑色M,9.0,韩国,剧情,https://movie.douban.com/subject/26297399/,https://img3.doubanio.com/view/photo/s_ratio_poster/public/p2230647725.jpg
家门的荣光,9.0,韩国,剧情,https://movie.douban.com/subject/3293687/,https://img3.doubanio.com/view/photo/s_ratio_poster/public/p957671753.jpg
机智牢房生活,9.3,韩国,剧情,https://movie.douban.com/subject/27081753/,https://img3.doubanio.com/view/photo/s_ratio_poster/public/p2506561091.jpg
徐谐仁短片“午夜出租车”,,韩国,剧情,https://movie.douban.com/subject/25960901/,https://img3.doubanio.com/view/photo/s_ratio_poster/public/p2196186376.jpg
六龙飞天,9.0,韩国,剧情,https://movie.douban.com/subject/26322795/,https://img3.doubanio.com/view/photo/s_ratio_poster/public/p2270926711.jpg
人生真美丽,9.0,韩国,剧情,https://movie.douban.com/subject/4728560/,https://img3.doubanio.com/view/photo/s_ratio_poster/public/p2358444690.jpg
天才：游戏的法则,9.3,韩国,剧情,https://movie.douban.com/subject/25777620/,https://img3.doubanio.com/view/photo/s_ratio_poster/public/p2160063244.jpg
Inception,9.3,英国,剧情,https://movie.douban.com/subject/03541415/,https://img3.doubanio.com/view/photo/s_ratio_poster/public/p513344864.jpg
少年派的奇幻漂流,9.0,英国,剧情,https://movie.douban.com/subject/1929463/,https://img3.doubanio.com/view/photo/s_ratio_poster/public/p1784592701.jpg
忠犬八公的故事,9.2,英国,剧情,https://movie.douban.com/subject/3011091/,https://img3.doubanio.com/view/photo/s_ratio_poster/public/p524964016.jpg
星际穿越,9.1,英国,剧情,https://movie.douban.com/subject/1889243/,https://img3.doubanio.com/view/photo/s_ratio_poster/public/p2206088801.jpg
蝙蝠侠：黑暗骑士,9.0,英国,剧情,https://movie.douban.com/subject/1851857/,https://img3.doubanio.com/view/photo/s_ratio_poster/public/p462657443.jpg
两杆大烟枪,9.1,英国,剧情,https://movie.douban.com/subject/1293350/,https://img1.doubanio.com/view/photo/s_ratio_poster/public/p792443418.jpg
钢琴家,9.0,英国,剧情,https://movie.douban.com/subject/1296736/,https://img3.doubanio.com/view/photo/s_ratio_poster/public/p792484461.jpg
神探夏洛克 第一季,9.3,英国,剧情,https://movie.douban.com/subject/3986493/,https://img3.doubanio.com/view/photo/s_ratio_poster/public/p760534033.jpg
黑镜 第一季,9.3,英国,剧情,https://movie.douban.com/subject/7054120/,https://img3.doubanio.com/view/photo/s_ratio_poster/public/p1403875505.jpg
神探夏洛克  第二季,9.5,英国,剧情,https://movie.douban.com/subject/6522269/,https://img1.doubanio.com/view/photo/s_ratio_poster/public/p2153367599.jpg
权力的游戏 第一季,9.3,英国,剧情,https://movie.douban.com/subject/3016187/,https://img1.doubanio.com/view/photo/s_ratio_poster/public/p896064368.jpg
权力的游戏  第二季,9.4,英国,剧情,https://movie.douban.com/subject/6558062/,https://img1.doubanio.com/view/photo/s_ratio_poster/public/p1441478479.jpg
黑镜 第二季,9.1,英国,剧情,https://movie.douban.com/subject/11502153/,https://img3.doubanio.com/view/photo/s_ratio_poster/public/p1937639715.jpg
权力的游戏 第三季,9.4,英国,剧情,https://movie.douban.com/subject/10590706/,https://img3.doubanio.com/view/photo/s_ratio_poster/public/p1884199062.jpg
唐顿庄园  第一季,9.2,英国,剧情,https://movie.douban.com/subject/4769314/,https://img3.doubanio.com/view/photo/s_ratio_poster/public/p1592582113.jpg
权力的游戏 第四季,9.5,英国,剧情,https://movie.douban.com/subject/23232876/,https://img1.doubanio.com/view/photo/s_ratio_poster/public/p2172313849.jpg
权力的游戏 第六季,9.4,英国,剧情,https://movie.douban.com/subject/25862357/,https://img1.doubanio.com/view/photo/s_ratio_poster/public/p2321971908.jpg
傲慢与偏见,9.2,英国,剧情,https://movie.douban.com/subject/1301174/,https://img1.doubanio.com/view/photo/s_ratio_poster/public/p2184360268.jpg
兄弟连,9.5,英国,剧情,https://movie.douban.com/subject/1307847/,https://img1.doubanio.com/view/photo/s_ratio_poster/public/p1714777727.jpg
父与女,9.2,英国,剧情,https://movie.douban.com/subject/1300395/,https://img1.doubanio.com/view/photo/s_ratio_poster/public/p2318217897.jpg
这个杀手不太冷,9.4,法国,剧情,https://movie.douban.com/subject/1295644/,https://img3.doubanio.com/view/photo/s_ratio_poster/public/p511118051.jpg
放牛班的春天,9.2,法国,剧情,https://movie.douban.com/subject/1291549/,https://img3.doubanio.com/view/photo/s_ratio_poster/public/p1910824951.jpg
触不可及,9.1,法国,剧情,https://movie.douban.com/subject/6786002/,https://img3.doubanio.com/view/photo/s_ratio_poster/public/p1454261925.jpg
天堂电影院,9.1,法国,剧情,https://movie.douban.com/subject/1291828/,https://img3.doubanio.com/view/photo/s_ratio_poster/public/p1910901025.jpg
钢琴家,9.0,法国,剧情,https://movie.douban.com/subject/1296736/,https://img3.doubanio.com/view/photo/s_ratio_poster/public/p792484461.jpg
调音师,9.2,法国,剧情,https://movie.douban.com/subject/6846495/,https://img1.doubanio.com/view/photo/s_ratio_poster/public/p1529066859.jpg
雇佣人生,9.1,法国,剧情,https://movie.douban.com/subject/3823425/,https://img3.doubanio.com/view/photo/s_ratio_poster/public/p2027109343.jpg
精神分裂症,9.0,法国,剧情,https://movie.douban.com/subject/3262918/,https://img3.doubanio.com/view/photo/s_ratio_poster/public/p857148064.jpg
毒枭 第一季,9.2,法国,剧情,https://movie.douban.com/subject/25850640/,https://img3.doubanio.com/view/photo/s_ratio_poster/public/p2265331341.jpg
沉静如海,9.0,法国,剧情,https://movie.douban.com/subject/1769507/,https://img3.doubanio.com/view/photo/s_ratio_poster/public/p2365157916.jpg
地下,9.1,法国,剧情,https://movie.douban.com/subject/1292206/,https://img3.doubanio.com/view/photo/s_ratio_poster/public/p1833776334.jpg
熊的故事,9.1,法国,剧情,https://movie.douban.com/subject/1300334/,https://img3.doubanio.com/view/photo/s_ratio_poster/public/p2454268056.jpg
洞,9.2,法国,剧情,https://movie.douban.com/subject/1424334/,https://img3.doubanio.com/view/photo/s_ratio_poster/public/p1184780820.jpg
卡比利亚之夜,9.0,法国,剧情,https://movie.douban.com/subject/1294781/,https://img3.doubanio.com/view/photo/s_ratio_poster/public/p922159253.jpg
年轻的教宗 第一季,9.1,法国,剧情,https://movie.douban.com/subject/25884125/,https://img3.doubanio.com/view/photo/s_ratio_poster/public/p2403180243.jpg
请以你的名字呼唤我,9.0,法国,剧情,https://movie.douban.com/subject/26799731/,https://img3.doubanio.com/view/photo/s_ratio_poster/public/p2505525050.jpg
巴黎圣母院,9.3,法国,剧情,https://movie.douban.com/subject/20326557/,https://img3.doubanio.com/view/photo/s_ratio_poster/public/p2329626263.jpg
印象派简史,9.2,法国,剧情,https://movie.douban.com/subject/1939829/,https://img3.doubanio.com/view/photo/s_ratio_poster/public/p2024897586.jpg
卡门,9.1,法国,剧情,https://movie.douban.com/subject/1448669/,https://img3.doubanio.com/view/photo/s_ratio_poster/public/p2500317262.jpg
The Work of Director Michel Gondry,9.3,法国,剧情,https://movie.douban.com/subject/1400646/,https://img1.doubanio.com/view/photo/s_ratio_poster/public/p1348801388.jpg
放牛班的春天,9.2,德国,剧情,https://movie.douban.com/subject/1291549/,https://img3.doubanio.com/view/photo/s_ratio_poster/public/p1910824951.jpg
窃听风暴,9.1,德国,剧情,https://movie.douban.com/subject/1900841/,https://img1.doubanio.com/view/photo/s_ratio_poster/public/p1808872109.jpg
钢琴家,9.0,德国,剧情,https://movie.douban.com/subject/1296736/,https://img3.doubanio.com/view/photo/s_ratio_poster/public/p792484461.jpg
平衡,9.0,德国,剧情,https://movie.douban.com/subject/1408100/,https://img1.doubanio.com/view/photo/s_ratio_poster/public/p2454473678.jpg
大盗贼,9.3,德国,剧情,https://movie.douban.com/subject/1899125/,https://img3.doubanio.com/view/photo/s_ratio_poster/public/p2313416144.jpg
沉静如海,9.0,德国,剧情,https://movie.douban.com/subject/1769507/,https://img3.doubanio.com/view/photo/s_ratio_poster/public/p2365157916.jpg
地下,9.1,德国,剧情,https://movie.douban.com/subject/1292206/,https://img3.doubanio.com/view/photo/s_ratio_poster/public/p1833776334.jpg
我们的父辈,9.6,德国,剧情,https://movie.douban.com/subject/22623816/,https://img3.doubanio.com/view/photo/s_ratio_poster/public/p1971263436.jpg
从海底出击,9.0,德国,剧情,https://movie.douban.com/subject/1293909/,https://img3.doubanio.com/view/photo/s_ratio_poster/public/p2088879323.jpg
纽伦堡的审判,9.0,德国,剧情,https://movie.douban.com/subject/1292589/,https://img3.doubanio.com/view/photo/s_ratio_poster/public/p922207281.jpg
阿德龙大酒店,9.1,德国,剧情,https://movie.douban.com/subject/24699931/,https://img1.doubanio.com/view/photo/s_ratio_poster/public/p2012353427.jpg
格莫拉 第一季,9.0,德国,剧情,https://movie.douban.com/subject/7051471/,https://img3.doubanio.com/view/photo/s_ratio_poster/public/p2212973764.jpg
威尔第 歌剧电影《弄臣》,9.0,德国,剧情,https://movie.douban.com/subject/1443651/,https://img3.doubanio.com/lpic/s1459982.jpg
伊丽莎白,9.6,德国,剧情,https://movie.douban.com/subject/24877005/,https://img3.doubanio.com/view/photo/s_ratio_poster/public/p2264336223.jpg
我们的父辈――纪录片,9.3,德国,剧情,https://movie.douban.com/subject/25843287/,https://img1.doubanio.com/view/photo/s_ratio_poster/public/p2173644228.jpg
费加罗的婚礼,9.1,德国,剧情,https://movie.douban.com/subject/1797500/,https://img1.doubanio.com/view/photo/s_ratio_poster/public/p2272483089.jpg
塞维利亚的理发师,9.2,德国,剧情,https://movie.douban.com/subject/1772046/,https://img3.doubanio.com/lpic/s1643193.jpg
从海底出击（电视剧版）,9.5,德国,剧情,https://movie.douban.com/subject/5051108/,https://img3.doubanio.com/view/photo/s_ratio_poster/public/p1937380831.jpg
Christina Aguilera: Back to Basics - Live and Down Under,9.4,德国,剧情,https://movie.douban.com/subject/3060405/,https://img3.doubanio.com/view/photo/s_ratio_poster/public/p2498697744.jpg
故乡,9.1,德国,剧情,https://movie.douban.com/subject/1427359/,https://img3.doubanio.com/view/photo/s_ratio_poster/public/p2318611194.jpg
海上钢琴师,9.2,意大利,剧情,https://movie.douban.com/subject/1292001/,https://img1.doubanio.com/view/photo/s_ratio_poster/public/p511146807.jpg
美丽人生,9.5,意大利,剧情,https://movie.douban.com/subject/1292063/,https://img3.doubanio.com/view/photo/s_ratio_poster/public/p510861873.jpg
天堂电影院,9.1,意大利,剧情,https://movie.douban.com/subject/1291828/,https://img3.doubanio.com/view/photo/s_ratio_poster/public/p1910901025.jpg
美国往事,9.1,意大利,剧情,https://movie.douban.com/subject/1292262/,https://img1.doubanio.com/view/photo/s_ratio_poster/public/p477229647.jpg
黄金三镖客,9.1,意大利,剧情,https://movie.douban.com/subject/1401118/,https://img1.doubanio.com/view/photo/s_ratio_poster/public/p2101693489.jpg
灿烂人生,9.3,意大利,剧情,https://movie.douban.com/subject/1291831/,https://img3.doubanio.com/view/photo/s_ratio_poster/public/p1161132422.jpg
洞,9.2,意大利,剧情,https://movie.douban.com/subject/1424334/,https://img3.doubanio.com/view/photo/s_ratio_poster/public/p1184780820.jpg
卡比利亚之夜,9.0,意大利,剧情,https://movie.douban.com/subject/1294781/,https://img3.doubanio.com/view/photo/s_ratio_poster/public/p922159253.jpg
年轻的教宗 第一季,9.1,意大利,剧情,https://movie.douban.com/subject/25884125/,https://img3.doubanio.com/view/photo/s_ratio_poster/public/p2403180243.jpg
请以你的名字呼唤我,9.0,意大利,剧情,https://movie.douban.com/subject/26799731/,https://img3.doubanio.com/view/photo/s_ratio_poster/public/p2505525050.jpg
革命往事,9.1,意大利,剧情,https://movie.douban.com/subject/1301026/,https://img1.doubanio.com/view/photo/s_ratio_poster/public/p2206010357.jpg
流浪者之歌,9.0,意大利,剧情,https://movie.douban.com/subject/1303525/,https://img3.doubanio.com/view/photo/s_ratio_poster/public/p2267333084.jpg
海蒂,9.0,意大利,剧情,https://movie.douban.com/subject/1925081/,https://img3.doubanio.com/view/photo/s_ratio_poster/public/p2270779943.jpg
格莫拉 第一季,9.0,意大利,剧情,https://movie.douban.com/subject/7051471/,https://img3.doubanio.com/view/photo/s_ratio_poster/public/p2212973764.jpg
威尔第 歌剧电影《弄臣》,9.0,意大利,剧情,https://movie.douban.com/subject/1443651/,https://img3.doubanio.com/lpic/s1459982.jpg
鲁邦三世 新系列,9.1,意大利,剧情,https://movie.douban.com/subject/26344474/,https://img3.doubanio.com/view/photo/s_ratio_poster/public/p2302535162.jpg
费加罗的婚礼,9.1,意大利,剧情,https://movie.douban.com/subject/1797500/,https://img1.doubanio.com/view/photo/s_ratio_poster/public/p2272483089.jpg
塞维利亚的理发师,9.2,意大利,剧情,https://movie.douban.com/subject/1772046/,https://img3.doubanio.com/lpic/s1643193.jpg
出生入死 第一季,9.4,意大利,剧情,https://movie.douban.com/subject/1506761/,https://img1.doubanio.com/lpic/s1506939.jpg
铁路员工,9.0,意大利,剧情,https://movie.douban.com/subject/1306166/,https://img3.doubanio.com/view/photo/s_ratio_poster/public/p2417257193.jpg
黄金三镖客,9.1,西班牙,剧情,https://movie.douban.com/subject/1401118/,https://img1.doubanio.com/view/photo/s_ratio_poster/public/p2101693489.jpg
年轻的教宗 第一季,9.1,西班牙,剧情,https://movie.douban.com/subject/25884125/,https://img3.doubanio.com/view/photo/s_ratio_poster/public/p2403180243.jpg
隐秘的激情,9.0,西班牙,剧情,https://movie.douban.com/subject/1958951/,https://img3.doubanio.com/view/photo/s_ratio_poster/public/p1489780910.jpg
巴尔干最后的贵族,9.0,西班牙,剧情,https://movie.douban.com/subject/3824693/,https://img3.doubanio.com/lpic/s6947753.jpg
校园哲学家 第一季,9.0,西班牙,剧情,https://movie.douban.com/subject/26847844/,https://img3.doubanio.com/view/photo/s_ratio_poster/public/p2370960003.jpg
塔可夫斯基的潜行者,9.5,西班牙,剧情,https://movie.douban.com/subject/4100973/,https://img3.doubanio.com/view/photo/s_ratio_poster/public/p2153601890.jpg
校园哲学家 第二季,9.2,西班牙,剧情,https://movie.douban.com/subject/26934002/,https://img3.doubanio.com/view/photo/s_ratio_poster/public/p2405386544.jpg
告诉我怎么回事,9.1,西班牙,剧情,https://movie.douban.com/subject/5387017/,https://img3.doubanio.com/view/photo/s_ratio_poster/public/p2159102475.jpg
三傻大闹宝莱坞,9.1,印度,剧情,https://movie.douban.com/subject/3793023/,https://img3.doubanio.com/view/photo/s_ratio_poster/public/p579729551.jpg
摔跤吧！爸爸,9.1,印度,剧情,https://movie.douban.com/subject/26387939/,https://img3.doubanio.com/view/photo/s_ratio_poster/public/p2457983084.jpg
佛陀,9.4,印度,剧情,https://movie.douban.com/subject/26767672/,https://img3.doubanio.com/view/photo/s_ratio_poster/public/p2349160021.jpg
曼谷基友记 第二季,9.1,泰国,剧情,https://movie.douban.com/subject/26990799/,https://img3.doubanio.com/view/photo/s_ratio_poster/public/p2459674360.jpg
极限S：羽毛球篇,9.1,泰国,剧情,https://movie.douban.com/subject/27087630/,https://img3.doubanio.com/view/photo/s_ratio_poster/public/p2492744060.jpg
龙珠,9.0,泰国,剧情,https://movie.douban.com/subject/2300151/,https://img3.doubanio.com/lpic/s3983855.jpg
极限S：滑板篇,9.5,泰国,剧情,https://movie.douban.com/subject/27087632/,https://img1.doubanio.com/view/photo/s_ratio_poster/public/p2496172159.jpg
血脉,9.0,泰国,剧情,https://movie.douban.com/subject/6796157/,https://img3.doubanio.com/view/photo/s_ratio_poster/public/p1425312305.jpg
鬼医生,9.2,泰国,剧情,https://movie.douban.com/subject/3339372/,https://img1.doubanio.com/lpic/s3407988.jpg
劫缘,9.0,泰国,剧情,https://movie.douban.com/subject/6999176/,https://img3.doubanio.com/view/photo/s_ratio_poster/public/p2195014195.jpg
金顶,9.1,泰国,剧情,https://movie.douban.com/subject/26274897/,https://img3.doubanio.com/view/photo/s_ratio_poster/public/p2349199483.jpg
战斗民族养成记,9.1,俄罗斯,剧情,https://movie.douban.com/subject/26775543/,https://img3.doubanio.com/view/photo/s_ratio_poster/public/p2362194522.jpg
背叛,9.2,俄罗斯,剧情,https://movie.douban.com/subject/26820511/,https://img1.doubanio.com/view/photo/s_ratio_poster/public/p2360667127.jpg
士兵之歌,9.0,俄罗斯,剧情,https://movie.douban.com/subject/1295614/,https://img1.doubanio.com/view/photo/s_ratio_poster/public/p806332287.jpg
我是古巴,9.0,俄罗斯,剧情,https://movie.douban.com/subject/1432669/,https://img3.doubanio.com/view/photo/s_ratio_poster/public/p2232357924.jpg
春天的十七个瞬间,9.3,俄罗斯,剧情,https://movie.douban.com/subject/1305866/,https://img1.doubanio.com/view/photo/s_ratio_poster/public/p2181589097.jpg
实习医生 第一季,9.3,俄罗斯,剧情,https://movie.douban.com/subject/5152622/,https://img1.doubanio.com/view/photo/s_ratio_poster/public/p2203447477.jpg
小猫虎子,9.1,俄罗斯,剧情,https://movie.douban.com/subject/2173840/,https://img1.doubanio.com/view/photo/s_ratio_poster/public/p2376412788.jpg
白比姆黑耳朵,9.0,俄罗斯,剧情,https://movie.douban.com/subject/1465465/,https://img3.doubanio.com/view/photo/s_ratio_poster/public/p2182893911.jpg
战争与和平1：安德烈・博尔孔斯基,9.0,俄罗斯,剧情,https://movie.douban.com/subject/1298257/,https://img3.doubanio.com/view/photo/s_ratio_poster/public/p2497018630.jpg
战争与和平2：娜塔莎・罗斯托娃,9.1,俄罗斯,剧情,https://movie.douban.com/subject/1303712/,https://img3.doubanio.com/view/photo/s_ratio_poster/public/p996286156.jpg
大师与玛格丽特,9.0,俄罗斯,剧情,https://movie.douban.com/subject/1759375/,https://img1.doubanio.com/view/photo/s_ratio_poster/public/p1711920999.jpg
战争与和平3：1812年,9.2,俄罗斯,剧情,https://movie.douban.com/subject/1303079/,https://img3.doubanio.com/view/photo/s_ratio_poster/public/p2497534741.jpg
战争与和平4：皮埃尔・别祖霍夫,9.1,俄罗斯,剧情,https://movie.douban.com/subject/1297822/,https://img3.doubanio.com/view/photo/s_ratio_poster/public/p996396830.jpg
人民公仆,9.0,俄罗斯,剧情,https://movie.douban.com/subject/26946524/,https://img3.doubanio.com/view/photo/s_ratio_poster/public/p2409443963.jpg
青春禁忌游戏,9.2,俄罗斯,剧情,https://movie.douban.com/subject/4264111/,https://img3.doubanio.com/lpic/s7063443.jpg
伊萨耶夫,9.1,俄罗斯,剧情,https://movie.douban.com/subject/3130526/,https://img3.doubanio.com/view/photo/s_ratio_poster/public/p2108324861.jpg
白痴,9.2,俄罗斯,剧情,https://movie.douban.com/subject/1759378/,https://img1.doubanio.com/view/photo/s_ratio_poster/public/p2159810278.jpg
卡拉马佐夫兄弟,9.1,俄罗斯,剧情,https://movie.douban.com/subject/2158304/,https://img3.doubanio.com/view/photo/s_ratio_poster/public/p2501000121.jpg
塔可夫斯基的潜行者,9.5,俄罗斯,剧情,https://movie.douban.com/subject/4100973/,https://img3.doubanio.com/view/photo/s_ratio_poster/public/p2153601890.jpg
娜斯佳和她的父亲们,9.0,俄罗斯,剧情,https://movie.douban.com/subject/4040438/,https://img3.doubanio.com/view/photo/s_ratio_poster/public/p2190397911.jpg
小鞋子,9.2,伊朗,剧情,https://movie.douban.com/subject/1303021/,https://img3.doubanio.com/view/photo/s_ratio_poster/public/p2173580603.jpg
少年派的奇幻漂流,9.0,加拿大,剧情,https://movie.douban.com/subject/1929463/,https://img3.doubanio.com/view/photo/s_ratio_poster/public/p1784592701.jpg
星际穿越,9.1,加拿大,剧情,https://movie.douban.com/subject/1889243/,https://img3.doubanio.com/view/photo/s_ratio_poster/public/p2206088801.jpg
犯罪心理 第一季,9.0,加拿大,剧情,https://movie.douban.com/subject/1427816/,https://img3.doubanio.com/view/photo/s_ratio_poster/public/p2201526195.jpg
车轮不息,9.1,加拿大,剧情,https://movie.douban.com/subject/19955871/,https://img3.doubanio.com/view/photo/s_ratio_poster/public/p1820625966.jpg
同志亦凡人 第二季,9.2,加拿大,剧情,https://movie.douban.com/subject/4016543/,https://img1.doubanio.com/view/photo/s_ratio_poster/public/p2384427749.jpg
同志亦凡人 第三季,9.3,加拿大,剧情,https://movie.douban.com/subject/4004936/,https://img1.doubanio.com/view/photo/s_ratio_poster/public/p2384427687.jpg
同志亦凡人 第五季,9.3,加拿大,剧情,https://movie.douban.com/subject/4707570/,https://img3.doubanio.com/view/photo/s_ratio_poster/public/p2187840512.jpg
同志亦凡人 第四季,9.1,加拿大,剧情,https://movie.douban.com/subject/4707224/,https://img3.doubanio.com/view/photo/s_ratio_poster/public/p2384429731.jpg
犯罪现场调查：纽约 第四季,9.0,加拿大,剧情,https://movie.douban.com/subject/3768108/,https://img1.doubanio.com/view/photo/s_ratio_poster/public/p2493924689.jpg
犯罪现场调查：纽约 第五季,9.0,加拿大,剧情,https://movie.douban.com/subject/3735976/,https://img3.doubanio.com/view/photo/s_ratio_poster/public/p500965833.jpg
黑色孤儿 第五季,9.1,加拿大,剧情,https://movie.douban.com/subject/26820999/,https://img3.doubanio.com/view/photo/s_ratio_poster/public/p2496081521.jpg
X档案 第二季,9.1,加拿大,剧情,https://movie.douban.com/subject/2997232/,https://img3.doubanio.com/view/photo/s_ratio_poster/public/p2143389446.jpg
X档案 第三季,9.0,加拿大,剧情,https://movie.douban.com/subject/3002713/,https://img3.doubanio.com/view/photo/s_ratio_poster/public/p2509010156.jpg
X档案 第六季,9.1,加拿大,剧情,https://movie.douban.com/subject/3153447/,https://img3.doubanio.com/view/photo/s_ratio_poster/public/p2315049822.jpg
遗失的世界 第一季,9.0,加拿大,剧情,https://movie.douban.com/subject/2270166/,https://img3.doubanio.com/view/photo/s_ratio_poster/public/p2185628264.jpg
正南方 第一季,9.2,加拿大,剧情,https://movie.douban.com/subject/3055726/,https://img3.doubanio.com/view/photo/s_ratio_poster/public/p2456026514.jpg
空中浩劫 第十二季,9.3,加拿大,剧情,https://movie.douban.com/subject/25843076/,https://img3.doubanio.com/view/photo/s_ratio_poster/public/p2355810632.jpg
空中浩劫 第十三季,9.4,加拿大,剧情,https://movie.douban.com/subject/25843105/,https://img1.doubanio.com/view/photo/s_ratio_poster/public/p2355814507.jpg
假面骑士BLACK RX,9.1,加拿大,剧情,https://movie.douban.com/subject/3338872/,https://img3.doubanio.com/view/photo/s_ratio_poster/public/p2508865544.jpg
闪点行动 第五季,9.4,加拿大,剧情,https://movie.douban.com/subject/11498722/,https://img3.doubanio.com/view/photo/s_ratio_poster/public/p2195199175.jpg
遗失的世界 第一季,9.0,澳大利亚,剧情,https://movie.douban.com/subject/2270166/,https://img3.doubanio.com/view/photo/s_ratio_poster/public/p2185628264.jpg
光明世界 第一季,9.2,澳大利亚,剧情,https://movie.douban.com/subject/1977462/,https://img1.doubanio.com/view/photo/s_ratio_poster/public/p1175866287.jpg
负重前行,9.0,澳大利亚,剧情,https://movie.douban.com/subject/26793157/,https://img1.doubanio.com/view/photo/s_ratio_poster/public/p2495304867.jpg
奥菲欧与尤丽狄茜,9.1,澳大利亚,剧情,https://movie.douban.com/subject/2999288/,https://img3.doubanio.com/view/photo/s_ratio_poster/public/p2186607455.jpg
夏日高中,9.1,澳大利亚,剧情,https://movie.douban.com/subject/2287285/,https://img1.doubanio.com/lpic/s4709197.jpg
温特沃斯 第三季,9.2,澳大利亚,剧情,https://movie.douban.com/subject/26354462/,https://img1.doubanio.com/view/photo/s_ratio_poster/public/p2262465459.jpg
土豆工厂,9.4,澳大利亚,剧情,https://movie.douban.com/subject/1793083/,https://img3.doubanio.com/view/photo/s_ratio_poster/public/p2233036824.jpg
温特沃斯 第四季,9.0,澳大利亚,剧情,https://movie.douban.com/subject/26817086/,https://img1.doubanio.com/view/photo/s_ratio_poster/public/p2359706379.jpg
布朗夫人的儿子们 第三季,9.3,爱尔兰,剧情,https://movie.douban.com/subject/21319314/,https://img1.doubanio.com/view/photo/s_ratio_poster/public/p2178543029.jpg
维京传奇 第五季,9.1,爱尔兰,剧情,https://movie.douban.com/subject/26774324/,https://img1.doubanio.com/view/photo/s_ratio_poster/public/p2501723469.jpg
狩猎,9.0,瑞典,剧情,https://movie.douban.com/subject/6985810/,https://img1.doubanio.com/view/photo/s_ratio_poster/public/p1546987967.jpg
戴上手套擦泪,9.0,瑞典,剧情,https://movie.douban.com/subject/20152546/,https://img1.doubanio.com/view/photo/s_ratio_poster/public/p2266508338.jpg
桥 第三季,9.0,瑞典,剧情,https://movie.douban.com/subject/26280696/,https://img1.doubanio.com/view/photo/s_ratio_poster/public/p2296082777.jpg
后院,9.0,瑞典,剧情,https://movie.douban.com/subject/6539394/,https://img3.doubanio.com/lpic/s6938232.jpg
爱玛和丹尼尔的夏天,9.2,瑞典,剧情,https://movie.douban.com/subject/2258917/,https://img1.doubanio.com/lpic/s2704847.jpg
Arch Enemy: Tyrants of the Rising Sun,9.6,瑞典,剧情,https://movie.douban.com/subject/4170515/,https://img3.doubanio.com/lpic/s4078391.jpg
木民一家,9.1,瑞典,剧情,https://movie.douban.com/subject/3387184/,https://img3.doubanio.com/lpic/s4465095.jpg
请以你的名字呼唤我,9.0,巴西,剧情,https://movie.douban.com/subject/26799731/,https://img3.doubanio.com/view/photo/s_ratio_poster/public/p2505525050.jpg
垃圾场中仙乐扬,9.1,巴西,剧情,https://movie.douban.com/subject/20443027/,https://img3.doubanio.com/view/photo/s_ratio_poster/public/p2282366003.jpg
狩猎,9.0,丹麦,剧情,https://movie.douban.com/subject/6985810/,https://img1.doubanio.com/view/photo/s_ratio_poster/public/p1546987967.jpg
克拉姆一家,9.0,丹麦,剧情,https://movie.douban.com/subject/1769053/,https://img3.doubanio.com/view/photo/s_ratio_poster/public/p2293611514.jpg
桥 第三季,9.0,丹麦,剧情,https://movie.douban.com/subject/26280696/,https://img1.doubanio.com/view/photo/s_ratio_poster/public/p2296082777.jpg
权力的堡垒 第二季,9.3,丹麦,剧情,https://movie.douban.com/subject/19898517/,https://img1.doubanio.com/view/photo/s_ratio_poster/public/p2188716357.jpg
西游记,9.4,大陆,动作,https://movie.douban.com/subject/2156663/,https://img1.doubanio.com/view/photo/s_ratio_poster/public/p2265959269.jpg
罗小黑战记,9.5,大陆,动作,https://movie.douban.com/subject/10477598/,https://img3.doubanio.com/view/photo/s_ratio_poster/public/p2496903956.jpg
虹猫蓝兔七侠传,9.1,大陆,动作,https://movie.douban.com/subject/3204594/,https://img3.doubanio.com/view/photo/s_ratio_poster/public/p2307667150.jpg
空山鸟语,9.0,大陆,动作,https://movie.douban.com/subject/25884755/,https://img3.doubanio.com/view/photo/s_ratio_poster/public/p2192453363.jpg
星游记 第一季,9.2,大陆,动作,https://movie.douban.com/subject/6952623/,https://img1.doubanio.com/view/photo/s_ratio_poster/public/p1292004897.jpg
中华小子,9.0,大陆,动作,https://movie.douban.com/subject/2244765/,https://img3.doubanio.com/view/photo/s_ratio_poster/public/p2496862183.jpg
一人之下 第二季,9.2,大陆,动作,https://movie.douban.com/subject/27034748/,https://img3.doubanio.com/view/photo/s_ratio_poster/public/p2503247980.jpg
功夫兔与菜包狗,9.2,大陆,动作,https://movie.douban.com/subject/24839102/,https://img3.doubanio.com/view/photo/s_ratio_poster/public/p2173944351.jpg
虹猫仗剑走天涯,9.0,大陆,动作,https://movie.douban.com/subject/25980446/,https://img3.doubanio.com/view/photo/s_ratio_poster/public/p2199270546.jpg
岁城璃心-鬼蜮咒原,9.0,大陆,动作,https://movie.douban.com/subject/26298852/,https://img3.doubanio.com/view/photo/s_ratio_poster/public/p2243669803.jpg
京剧猫（下）,9.3,大陆,动作,https://movie.douban.com/subject/26870064/,https://img3.doubanio.com/view/photo/s_ratio_poster/public/p2500675440.jpg
七色战记,9.3,大陆,动作,https://movie.douban.com/subject/10756786/,https://img1.doubanio.com/lpic/s9126588.jpg
分钟学堂,9.0,大陆,动作,https://movie.douban.com/subject/25963334/,https://img1.doubanio.com/view/photo/s_ratio_poster/public/p2196591369.jpg
Inception,9.3,美国,动作,https://movie.douban.com/subject/03541415/,https://img3.doubanio.com/view/photo/s_ratio_poster/public/p513344864.jpg
疯狂动物城,9.2,美国,动作,https://movie.douban.com/subject/25662329/,https://img1.doubanio.com/view/photo/s_ratio_poster/public/p2315672647.jpg
教父,9.2,美国,动作,https://movie.douban.com/subject/1291841/,https://img3.doubanio.com/view/photo/s_ratio_poster/public/p2190556185.jpg
蝙蝠侠：黑暗骑士,9.0,美国,动作,https://movie.douban.com/subject/1851857/,https://img3.doubanio.com/view/photo/s_ratio_poster/public/p462657443.jpg
指环王3：王者无敌,9.1,美国,动作,https://movie.douban.com/subject/1291552/,https://img3.doubanio.com/view/photo/s_ratio_poster/public/p1910825503.jpg
两杆大烟枪,9.1,美国,动作,https://movie.douban.com/subject/1293350/,https://img1.doubanio.com/view/photo/s_ratio_poster/public/p792443418.jpg
教父2,9.1,美国,动作,https://movie.douban.com/subject/1299131/,https://img1.doubanio.com/view/photo/s_ratio_poster/public/p2194138787.jpg
越狱 第一季,9.2,美国,动作,https://movie.douban.com/subject/1419297/,https://img3.doubanio.com/view/photo/s_ratio_poster/public/p2187172566.jpg
权力的游戏 第七季,9.2,美国,动作,https://movie.douban.com/subject/26235354/,https://img1.doubanio.com/view/photo/s_ratio_poster/public/p2462245619.jpg
兄弟连,9.5,美国,动作,https://movie.douban.com/subject/1307847/,https://img1.doubanio.com/view/photo/s_ratio_poster/public/p1714777727.jpg
黄金三镖客,9.1,美国,动作,https://movie.douban.com/subject/1401118/,https://img1.doubanio.com/view/photo/s_ratio_poster/public/p2101693489.jpg
疑犯追踪  第一季,9.1,美国,动作,https://movie.douban.com/subject/5980670/,https://img3.doubanio.com/view/photo/s_ratio_poster/public/p1285044771.jpg
毒枭 第一季,9.2,美国,动作,https://movie.douban.com/subject/25850640/,https://img3.doubanio.com/view/photo/s_ratio_poster/public/p2265331341.jpg
疑犯追踪 第二季,9.4,美国,动作,https://movie.douban.com/subject/10549251/,https://img3.doubanio.com/view/photo/s_ratio_poster/public/p2210308173.jpg
疑犯追踪 第三季,9.4,美国,动作,https://movie.douban.com/subject/22220086/,https://img3.doubanio.com/view/photo/s_ratio_poster/public/p2210307543.jpg
超感猎杀 第二季,9.1,美国,动作,https://movie.douban.com/subject/26588239/,https://img1.doubanio.com/view/photo/s_ratio_poster/public/p2454857708.jpg
疑犯追踪 第四季,9.4,美国,动作,https://movie.douban.com/subject/25837185/,https://img1.doubanio.com/view/photo/s_ratio_poster/public/p2211958778.jpg
疑犯追踪 第五季,9.3,美国,动作,https://movie.douban.com/subject/26387813/,https://img1.doubanio.com/view/photo/s_ratio_poster/public/p2340869957.jpg
毒枭 第二季,9.3,美国,动作,https://movie.douban.com/subject/26604456/,https://img3.doubanio.com/view/photo/s_ratio_poster/public/p2377445046.jpg
永生之酒,9.0,美国,动作,https://movie.douban.com/subject/3326764/,https://img1.doubanio.com/view/photo/s_ratio_poster/public/p2194448799.jpg
大话西游之大圣娶亲,9.2,香港,动作,https://movie.douban.com/subject/1292213/,https://img3.doubanio.com/view/photo/s_ratio_poster/public/p2455050536.jpg
无间道,9.0,香港,动作,https://movie.douban.com/subject/1307914/,https://img3.doubanio.com/view/photo/s_ratio_poster/public/p2233971046.jpg
射雕英雄传,9.1,香港,动作,https://movie.douban.com/subject/1478186/,https://img3.doubanio.com/view/photo/s_ratio_poster/public/p2175250901.jpg
上海滩,9.0,香港,动作,https://movie.douban.com/subject/6311260/,https://img3.doubanio.com/view/photo/s_ratio_poster/public/p2344833803.jpg
李小龙：勇士的旅程,9.0,香港,动作,https://movie.douban.com/subject/1305710/,https://img3.doubanio.com/view/photo/s_ratio_poster/public/p2267330935.jpg
假面骑士BLACK,9.3,香港,动作,https://movie.douban.com/subject/3758779/,https://img1.doubanio.com/view/photo/s_ratio_poster/public/p2334172789.jpg
霹雳兵燹之刀戟戡魔录,9.3,台湾,动作,https://movie.douban.com/subject/1920824/,https://img3.doubanio.com/view/photo/s_ratio_poster/public/p2303383506.jpg
霹雳兵燹之刀戟戡魔录2,9.4,台湾,动作,https://movie.douban.com/subject/1920826/,https://img3.doubanio.com/view/photo/s_ratio_poster/public/p2303383313.jpg
霹雳震寰宇之刀龙传说,9.0,台湾,动作,https://movie.douban.com/subject/4065006/,https://img1.doubanio.com/view/photo/s_ratio_poster/public/p605090088.jpg
天地风云录之决战时刻,9.6,台湾,动作,https://movie.douban.com/subject/10617152/,https://img1.doubanio.com/view/photo/s_ratio_poster/public/p2508820329.jpg
挥剑问情,9.0,台湾,动作,https://movie.douban.com/subject/4780583/,https://img3.doubanio.com/f/movie/03d3c900d2a79a15dc1295154d5293a2d5ebd792/pics/movie/tv_default_large.png
七武士,9.2,日本,动作,https://movie.douban.com/subject/1295399/,https://img3.doubanio.com/view/photo/s_ratio_poster/public/p647099823.jpg
新世纪福音战士,9.3,日本,动作,https://movie.douban.com/subject/1457573/,https://img3.doubanio.com/view/photo/s_ratio_poster/public/p2257368400.jpg
名侦探柯南,9.0,日本,动作,https://movie.douban.com/subject/1463371/,https://img3.doubanio.com/view/photo/s_ratio_poster/public/p2245601763.jpg
银魂,9.6,日本,动作,https://movie.douban.com/subject/2057171/,https://img3.doubanio.com/view/photo/s_ratio_poster/public/p2212435762.jpg
海贼王,9.5,日本,动作,https://movie.douban.com/subject/1453238/,https://img3.doubanio.com/view/photo/s_ratio_poster/public/p2197828404.jpg
七龙珠,9.0,日本,动作,https://movie.douban.com/subject/1782006/,https://img3.doubanio.com/view/photo/s_ratio_poster/public/p2190442032.jpg
福音战士新剧场版：破,9.2,日本,动作,https://movie.douban.com/subject/2567646/,https://img3.doubanio.com/view/photo/s_ratio_poster/public/p1026522114.jpg
攻壳机动队2：无罪,9.0,日本,动作,https://movie.douban.com/subject/1291566/,https://img1.doubanio.com/view/photo/s_ratio_poster/public/p453466108.jpg
钢之炼金术师FA,9.5,日本,动作,https://movie.douban.com/subject/3430169/,https://img3.doubanio.com/view/photo/s_ratio_poster/public/p2225808366.jpg
福音战士新剧场版：序,9.1,日本,动作,https://movie.douban.com/subject/1968790/,https://img3.doubanio.com/view/photo/s_ratio_poster/public/p453715063.jpg
新世纪福音战士剧场版：Air/真心为你,9.4,日本,动作,https://movie.douban.com/subject/1308892/,https://img1.doubanio.com/view/photo/s_ratio_poster/public/p2199653749.jpg
命运之夜前传 第一期,9.0,日本,动作,https://movie.douban.com/subject/5416070/,https://img3.doubanio.com/view/photo/s_ratio_poster/public/p1205706174.jpg
浪客剑心：追忆篇,9.2,日本,动作,https://movie.douban.com/subject/1421721/,https://img1.doubanio.com/view/photo/s_ratio_poster/public/p2501068908.jpg
混沌武士,9.3,日本,动作,https://movie.douban.com/subject/1460915/,https://img3.doubanio.com/view/photo/s_ratio_poster/public/p2460643904.jpg
银魂 第二季,9.7,日本,动作,https://movie.douban.com/subject/4888015/,https://img3.doubanio.com/view/photo/s_ratio_poster/public/p1948186814.jpg
星际牛仔,9.5,日本,动作,https://movie.douban.com/subject/1424406/,https://img1.doubanio.com/view/photo/s_ratio_poster/public/p2011424828.jpg
银魂完结篇：直到永远的万事屋,9.3,日本,动作,https://movie.douban.com/subject/11615927/,https://img3.doubanio.com/view/photo/s_ratio_poster/public/p2258024316.jpg
一拳超人,9.3,日本,动作,https://movie.douban.com/subject/26339248/,https://img3.doubanio.com/view/photo/s_ratio_poster/public/p2234184583.jpg
命运之夜前传 第二期,9.0,日本,动作,https://movie.douban.com/subject/6874729/,https://img3.doubanio.com/view/photo/s_ratio_poster/public/p1497873044.jpg
新世纪福音战士剧场版：死与新生,9.2,日本,动作,https://movie.douban.com/subject/1455442/,https://img3.doubanio.com/view/photo/s_ratio_poster/public/p2250120322.jpg
特殊失踪专案组：失踪的黑色M,9.0,韩国,动作,https://movie.douban.com/subject/26297399/,https://img3.doubanio.com/view/photo/s_ratio_poster/public/p2230647725.jpg
Inception,9.3,英国,动作,https://movie.douban.com/subject/03541415/,https://img3.doubanio.com/view/photo/s_ratio_poster/public/p513344864.jpg
蝙蝠侠：黑暗骑士,9.0,英国,动作,https://movie.douban.com/subject/1851857/,https://img3.doubanio.com/view/photo/s_ratio_poster/public/p462657443.jpg
两杆大烟枪,9.1,英国,动作,https://movie.douban.com/subject/1293350/,https://img1.doubanio.com/view/photo/s_ratio_poster/public/p792443418.jpg
兄弟连,9.5,英国,动作,https://movie.douban.com/subject/1307847/,https://img1.doubanio.com/view/photo/s_ratio_poster/public/p1714777727.jpg
荒野求生 第一季,9.4,英国,动作,https://movie.douban.com/subject/2073809/,https://img3.doubanio.com/view/photo/s_ratio_poster/public/p482407481.jpg
黑帆 第二季,9.1,英国,动作,https://movie.douban.com/subject/25810585/,https://img3.doubanio.com/view/photo/s_ratio_poster/public/p2220748941.jpg
太空堡垒卡拉狄加  第二季,9.0,英国,动作,https://movie.douban.com/subject/3581471/,https://img3.doubanio.com/view/photo/s_ratio_poster/public/p2190338142.jpg
黑帆 第三季,9.1,英国,动作,https://movie.douban.com/subject/26142528/,https://img3.doubanio.com/view/photo/s_ratio_poster/public/p2271633110.jpg
神秘博士：时间冲撞,9.2,英国,动作,https://movie.douban.com/subject/4188543/,https://img3.doubanio.com/view/photo/s_ratio_poster/public/p523688466.jpg
李小龙：勇士的旅程,9.0,英国,动作,https://movie.douban.com/subject/1305710/,https://img3.doubanio.com/view/photo/s_ratio_poster/public/p2267330935.jpg
遗失的世界 第一季,9.0,英国,动作,https://movie.douban.com/subject/2270166/,https://img3.doubanio.com/view/photo/s_ratio_poster/public/p2185628264.jpg
两杆大烟枪 续篇,9.0,英国,动作,https://movie.douban.com/subject/1925300/,https://img3.doubanio.com/view/photo/s_ratio_poster/public/p2216270382.jpg
机器人大擂台 第一季,9.5,英国,动作,https://movie.douban.com/subject/4730323/,https://img1.doubanio.com/view/photo/s_ratio_poster/public/p2316312857.jpg
浩劫求生,9.4,英国,动作,https://movie.douban.com/subject/5207904/,https://img1.doubanio.com/view/photo/s_ratio_poster/public/p2500071787.jpg
双X：这个游戏的名称,9.0,英国,动作,https://movie.douban.com/subject/1294819/,https://img3.doubanio.com/lpic/s3932346.jpg
星际旅行：下一代 第三季,9.3,英国,动作,https://movie.douban.com/subject/11226091/,https://img3.doubanio.com/lpic/s10519955.jpg
怒海英雄：公爵夫人与恶魔,9.0,英国,动作,https://movie.douban.com/subject/1889695/,https://img3.doubanio.com/view/photo/s_ratio_poster/public/p2278607774.jpg
防盗者,9.4,英国,动作,https://movie.douban.com/subject/1987298/,https://img3.doubanio.com/lpic/s2881344.jpg
这个杀手不太冷,9.4,法国,动作,https://movie.douban.com/subject/1295644/,https://img3.doubanio.com/view/photo/s_ratio_poster/public/p511118051.jpg
毒枭 第一季,9.2,法国,动作,https://movie.douban.com/subject/25850640/,https://img3.doubanio.com/view/photo/s_ratio_poster/public/p2265331341.jpg
宇宙骑士,9.0,法国,动作,https://movie.douban.com/subject/1779379/,https://img1.doubanio.com/view/photo/s_ratio_poster/public/p2314047068.jpg
中华小子,9.0,法国,动作,https://movie.douban.com/subject/2244765/,https://img3.doubanio.com/view/photo/s_ratio_poster/public/p2496862183.jpg
丁丁历险记 第二季,9.3,法国,动作,https://movie.douban.com/subject/11632744/,https://img3.doubanio.com/view/photo/s_ratio_poster/public/p1700834506.jpg
丁丁历险记 第三季,9.3,法国,动作,https://movie.douban.com/subject/11639666/,https://img1.doubanio.com/view/photo/s_ratio_poster/public/p1700836119.jpg
拳馆英雄 第一季,9.2,法国,动作,https://movie.douban.com/subject/27120334/,https://img3.doubanio.com/view/photo/s_ratio_poster/public/p2497150901.jpg
神秘岛,9.3,法国,动作,https://movie.douban.com/subject/4303909/,https://img1.doubanio.com/view/photo/s_ratio_poster/public/p2372194878.jpg
98世界杯之旅,9.0,法国,动作,https://movie.douban.com/subject/1998756/,https://img1.doubanio.com/lpic/s2159708.jpg
罗宾汉新传 第一季,9.2,法国,动作,https://movie.douban.com/subject/2338209/,https://img3.doubanio.com/view/photo/s_ratio_poster/public/p2175909100.jpg
从海底出击,9.0,德国,动作,https://movie.douban.com/subject/1293909/,https://img3.doubanio.com/view/photo/s_ratio_poster/public/p2088879323.jpg
最佳搭档雷克斯,9.4,德国,动作,https://movie.douban.com/subject/1868988/,https://img1.doubanio.com/view/photo/s_ratio_poster/public/p2382208357.jpg
黄金三镖客,9.1,意大利,动作,https://movie.douban.com/subject/1401118/,https://img1.doubanio.com/view/photo/s_ratio_poster/public/p2101693489.jpg
鲁邦三世 新系列,9.1,意大利,动作,https://movie.douban.com/subject/26344474/,https://img3.doubanio.com/view/photo/s_ratio_poster/public/p2302535162.jpg
黄金三镖客,9.1,西班牙,动作,https://movie.douban.com/subject/1401118/,https://img1.doubanio.com/view/photo/s_ratio_poster/public/p2101693489.jpg
攀登梅鲁峰,9.1,印度,动作,https://movie.douban.com/subject/26276373/,https://img3.doubanio.com/view/photo/s_ratio_poster/public/p2286660380.jpg
切尔诺贝利・禁区-无人原样而归 第二季,9.3,俄罗斯,动作,https://movie.douban.com/subject/26979223/,https://img1.doubanio.com/view/photo/s_ratio_poster/public/p2432048167.jpg
犯罪现场调查：纽约 第四季,9.0,加拿大,动作,https://movie.douban.com/subject/3768108/,https://img1.doubanio.com/view/photo/s_ratio_poster/public/p2493924689.jpg
黑色孤儿 第五季,9.1,加拿大,动作,https://movie.douban.com/subject/26820999/,https://img3.doubanio.com/view/photo/s_ratio_poster/public/p2496081521.jpg
遗失的世界 第一季,9.0,加拿大,动作,https://movie.douban.com/subject/2270166/,https://img3.doubanio.com/view/photo/s_ratio_poster/public/p2185628264.jpg
丁丁历险记 第二季,9.3,加拿大,动作,https://movie.douban.com/subject/11632744/,https://img3.doubanio.com/view/photo/s_ratio_poster/public/p1700834506.jpg
丁丁历险记 第三季,9.3,加拿大,动作,https://movie.douban.com/subject/11639666/,https://img1.doubanio.com/view/photo/s_ratio_poster/public/p1700836119.jpg
假面骑士BLACK RX,9.1,加拿大,动作,https://movie.douban.com/subject/3338872/,https://img3.doubanio.com/view/photo/s_ratio_poster/public/p2508865544.jpg
闪点行动 第五季,9.4,加拿大,动作,https://movie.douban.com/subject/11498722/,https://img3.doubanio.com/view/photo/s_ratio_poster/public/p2195199175.jpg
神秘岛,9.3,加拿大,动作,https://movie.douban.com/subject/4303909/,https://img1.doubanio.com/view/photo/s_ratio_poster/public/p2372194878.jpg
维京传奇 第五季,9.1,加拿大,动作,https://movie.douban.com/subject/26774324/,https://img1.doubanio.com/view/photo/s_ratio_poster/public/p2501723469.jpg
遗失的世界 第一季,9.0,澳大利亚,动作,https://movie.douban.com/subject/2270166/,https://img3.doubanio.com/view/photo/s_ratio_poster/public/p2185628264.jpg
光明世界 第一季,9.2,澳大利亚,动作,https://movie.douban.com/subject/1977462/,https://img1.doubanio.com/view/photo/s_ratio_poster/public/p1175866287.jpg
维京传奇 第五季,9.1,爱尔兰,动作,https://movie.douban.com/subject/26774324/,https://img1.doubanio.com/view/photo/s_ratio_poster/public/p2501723469.jpg
战地2,9.0,瑞典,动作,https://movie.douban.com/subject/3175002/,https://img3.doubanio.com/view/photo/s_ratio_poster/public/p479321444.jpg
潜伏,9.2,大陆,爱情,https://movie.douban.com/subject/3314870/,https://img3.doubanio.com/view/photo/s_ratio_poster/public/p2189694504.jpg
红楼梦,9.5,大陆,爱情,https://movie.douban.com/subject/1864810/,https://img3.doubanio.com/view/photo/s_ratio_poster/public/p1334142732.jpg
大宅门,9.2,大陆,爱情,https://movie.douban.com/subject/2181930/,https://img3.doubanio.com/view/photo/s_ratio_poster/public/p2312848796.jpg
康熙王朝,9.0,大陆,爱情,https://movie.douban.com/subject/1830590/,https://img1.doubanio.com/view/photo/s_ratio_poster/public/p2373067679.jpg
战长沙,9.1,大陆,爱情,https://movie.douban.com/subject/20258941/,https://img1.doubanio.com/view/photo/s_ratio_poster/public/p2186299818.jpg
红色,9.2,大陆,爱情,https://movie.douban.com/subject/25966028/,https://img1.doubanio.com/view/photo/s_ratio_poster/public/p2204027229.jpg
芙蓉镇,9.0,大陆,爱情,https://movie.douban.com/subject/1297880/,https://img3.doubanio.com/view/photo/s_ratio_poster/public/p2184544013.jpg
父母爱情,9.0,大陆,爱情,https://movie.douban.com/subject/19965220/,https://img3.doubanio.com/view/photo/s_ratio_poster/public/p2166793436.jpg
围城,9.1,大陆,爱情,https://movie.douban.com/subject/1478168/,https://img3.doubanio.com/view/photo/s_ratio_poster/public/p1933833163.jpg
天道,9.0,大陆,爱情,https://movie.douban.com/subject/2347485/,https://img3.doubanio.com/view/photo/s_ratio_poster/public/p2374798402.jpg
梁思成与林徽因,9.4,大陆,爱情,https://movie.douban.com/subject/5332630/,https://img3.doubanio.com/view/photo/s_ratio_poster/public/p676312332.jpg
红楼梦,9.0,大陆,爱情,https://movie.douban.com/subject/1329969/,https://img3.doubanio.com/view/photo/s_ratio_poster/public/p2322451692.jpg
精灵世纪,9.2,大陆,爱情,https://movie.douban.com/subject/4097232/,https://img3.doubanio.com/view/photo/s_ratio_poster/public/p2461278860.jpg
我们的侣行,9.1,大陆,爱情,https://movie.douban.com/subject/26980982/,https://img1.doubanio.com/view/photo/s_ratio_poster/public/p2457392029.jpg
花为媒,9.1,大陆,爱情,https://movie.douban.com/subject/2357317/,https://img1.doubanio.com/view/photo/s_ratio_poster/public/p2227822958.jpg
古城童话,9.0,大陆,爱情,https://movie.douban.com/subject/3001441/,https://img3.doubanio.com/view/photo/s_ratio_poster/public/p2219389440.jpg
狐妖小红娘剧场版：王权富贵,9.2,大陆,爱情,https://movie.douban.com/subject/26946612/,https://img3.doubanio.com/view/photo/s_ratio_poster/public/p2409467410.jpg
牡丹亭,9.4,大陆,爱情,https://movie.douban.com/subject/4731050/,https://img1.doubanio.com/view/photo/s_ratio_poster/public/p2365538258.jpg
狐妖小红娘剧场版：月红篇,9.2,大陆,爱情,https://movie.douban.com/subject/26972694/,https://img3.doubanio.com/view/photo/s_ratio_poster/public/p2427045524.jpg
小井胡同,9.1,大陆,爱情,https://movie.douban.com/subject/3197004/,https://img3.doubanio.com/view/photo/s_ratio_poster/public/p2454813721.jpg
阿甘正传,9.4,美国,爱情,https://movie.douban.com/subject/1292720/,https://img1.doubanio.com/view/photo/s_ratio_poster/public/p510876377.jpg
Inception,9.3,美国,爱情,https://movie.douban.com/subject/03541415/,https://img3.doubanio.com/view/photo/s_ratio_poster/public/p513344864.jpg
泰坦尼克号,9.2,美国,爱情,https://movie.douban.com/subject/1292722/,https://img3.doubanio.com/view/photo/s_ratio_poster/public/p457760035.jpg
海上钢琴师,9.2,美国,爱情,https://movie.douban.com/subject/1292001/,https://img1.doubanio.com/view/photo/s_ratio_poster/public/p511146807.jpg
机器人总动员,9.3,美国,爱情,https://movie.douban.com/subject/2131459/,https://img3.doubanio.com/view/photo/s_ratio_poster/public/p449665982.jpg
疯狂动物城,9.2,美国,爱情,https://movie.douban.com/subject/25662329/,https://img1.doubanio.com/view/photo/s_ratio_poster/public/p2315672647.jpg
乱世佳人,9.2,美国,爱情,https://movie.douban.com/subject/1300267/,https://img3.doubanio.com/view/photo/s_ratio_poster/public/p1963126880.jpg
饮食男女,9.1,美国,爱情,https://movie.douban.com/subject/1291818/,https://img3.doubanio.com/view/photo/s_ratio_poster/public/p1910899751.jpg
美国往事,9.1,美国,爱情,https://movie.douban.com/subject/1292262/,https://img1.doubanio.com/view/photo/s_ratio_poster/public/p477229647.jpg
老友记 第一季,9.6,美国,爱情,https://movie.douban.com/subject/1393859/,https://img1.doubanio.com/view/photo/s_ratio_poster/public/p2186920269.jpg
摩登时代,9.2,美国,爱情,https://movie.douban.com/subject/1294371/,https://img3.doubanio.com/view/photo/s_ratio_poster/public/p2173707976.jpg
唐顿庄园  第一季,9.2,美国,爱情,https://movie.douban.com/subject/4769314/,https://img3.doubanio.com/view/photo/s_ratio_poster/public/p1592582113.jpg
控方证人,9.6,美国,爱情,https://movie.douban.com/subject/1296141/,https://img1.doubanio.com/view/photo/s_ratio_poster/public/p1505392928.jpg
暴力云与送子鹳,9.1,美国,爱情,https://movie.douban.com/subject/3734350/,https://img3.doubanio.com/view/photo/s_ratio_poster/public/p449756673.jpg
我们这一天 第一季,9.5,美国,爱情,https://movie.douban.com/subject/26794215/,https://img3.doubanio.com/view/photo/s_ratio_poster/public/p2380810795.jpg
老友记 第二季,9.7,美国,爱情,https://movie.douban.com/subject/3286528/,https://img3.doubanio.com/view/photo/s_ratio_poster/public/p2200410776.jpg
城市之光,9.2,美国,爱情,https://movie.douban.com/subject/1293908/,https://img3.doubanio.com/view/photo/s_ratio_poster/public/p2099815842.jpg
老友记 第十季,9.8,美国,爱情,https://movie.douban.com/subject/3286552/,https://img1.doubanio.com/view/photo/s_ratio_poster/public/p2187822907.jpg
生活大爆炸 第七季,9.0,美国,爱情,https://movie.douban.com/subject/21339708/,https://img3.doubanio.com/view/photo/s_ratio_poster/public/p2152929743.jpg
老友记  第三季,9.7,美国,爱情,https://movie.douban.com/subject/3286531/,https://img3.doubanio.com/view/photo/s_ratio_poster/public/p2195389285.jpg
霸王别姬,9.5,香港,爱情,https://movie.douban.com/subject/1291546/,https://img3.doubanio.com/view/photo/s_ratio_poster/public/p1910813120.jpg
大话西游之大圣娶亲,9.2,香港,爱情,https://movie.douban.com/subject/1292213/,https://img3.doubanio.com/view/photo/s_ratio_poster/public/p2455050536.jpg
巾帼枭雄之义海豪情,9.1,香港,爱情,https://movie.douban.com/subject/4195676/,https://img1.doubanio.com/view/photo/s_ratio_poster/public/p2326890587.jpg
我和春天有个约会,9.0,香港,爱情,https://movie.douban.com/subject/2983434/,https://img1.doubanio.com/view/photo/s_ratio_poster/public/p2457679019.jpg
南海十三郎,9.1,香港,爱情,https://movie.douban.com/subject/1303913/,https://img1.doubanio.com/view/photo/s_ratio_poster/public/p2328424489.jpg
男亲女爱,9.2,香港,爱情,https://movie.douban.com/subject/2161882/,https://img3.doubanio.com/view/photo/s_ratio_poster/public/p2508780305.jpg
香港香港之霸王e姬,9.3,香港,爱情,https://movie.douban.com/subject/2995166/,https://img3.doubanio.com/view/photo/s_ratio_poster/public/p2208836580.jpg
上海滩,9.0,香港,爱情,https://movie.douban.com/subject/6311260/,https://img3.doubanio.com/view/photo/s_ratio_poster/public/p2344833803.jpg
紫钗记,9.3,香港,爱情,https://movie.douban.com/subject/1401219/,https://img1.doubanio.com/view/photo/s_ratio_poster/public/p2274298717.jpg
幸福的旁边,9.2,香港,爱情,https://movie.douban.com/subject/26879897/,https://img3.doubanio.com/view/photo/s_ratio_poster/public/p2503447611.jpg
蝶影红梨记,9.4,香港,爱情,https://movie.douban.com/subject/4047730/,https://img3.doubanio.com/view/photo/s_ratio_poster/public/p2388820490.jpg
饮食男女,9.1,台湾,爱情,https://movie.douban.com/subject/1291818/,https://img3.doubanio.com/view/photo/s_ratio_poster/public/p1910899751.jpg
新白娘子传奇,9.0,台湾,爱情,https://movie.douban.com/subject/2153527/,https://img3.doubanio.com/view/photo/s_ratio_poster/public/p2225032274.jpg
冲天,9.2,台湾,爱情,https://movie.douban.com/subject/26602234/,https://img3.doubanio.com/view/photo/s_ratio_poster/public/p2279974285.jpg
光阴的故事,9.2,台湾,爱情,https://movie.douban.com/subject/3284284/,https://img3.doubanio.com/view/photo/s_ratio_poster/public/p2323595852.jpg
一把青,9.2,台湾,爱情,https://movie.douban.com/subject/26461145/,https://img3.doubanio.com/view/photo/s_ratio_poster/public/p2289496520.jpg
名扬四海,9.0,台湾,爱情,https://movie.douban.com/subject/2368642/,https://img3.doubanio.com/view/photo/s_ratio_poster/public/p2169944652.jpg
玉琳国师之再世情缘,9.2,台湾,爱情,https://movie.douban.com/subject/2208981/,https://img3.doubanio.com/view/photo/s_ratio_poster/public/p1423092404.jpg
莫文蔚: 好莫文蔚巡演唱,9.5,台湾,爱情,https://movie.douban.com/subject/4314336/,https://img3.doubanio.com/lpic/s4199506.jpg
千与千寻,9.2,日本,爱情,https://movie.douban.com/subject/1291561/,https://img3.doubanio.com/view/photo/s_ratio_poster/public/p1910830216.jpg
天空之城,9.0,日本,爱情,https://movie.douban.com/subject/1291583/,https://img1.doubanio.com/view/photo/s_ratio_poster/public/p1446261379.jpg
回忆积木小屋,9.3,日本,爱情,https://movie.douban.com/subject/3560787/,https://img3.doubanio.com/view/photo/s_ratio_poster/public/p2205961264.jpg
交响情人梦,9.1,日本,爱情,https://movie.douban.com/subject/1997685/,https://img3.doubanio.com/view/photo/s_ratio_poster/public/p2191309034.jpg
东京爱情故事,9.4,日本,爱情,https://movie.douban.com/subject/1438760/,https://img3.doubanio.com/view/photo/s_ratio_poster/public/p2162780600.jpg
我的恐怖妻子,9.0,日本,爱情,https://movie.douban.com/subject/26741568/,https://img3.doubanio.com/view/photo/s_ratio_poster/public/p2327507180.jpg
四重奏,9.1,日本,爱情,https://movie.douban.com/subject/26895171/,https://img1.doubanio.com/view/photo/s_ratio_poster/public/p2413247968.jpg
对不起青春,9.0,日本,爱情,https://movie.douban.com/subject/25940269/,https://img3.doubanio.com/view/photo/s_ratio_poster/public/p2206897190.jpg
悠长假期,9.1,日本,爱情,https://movie.douban.com/subject/1436674/,https://img1.doubanio.com/view/photo/s_ratio_poster/public/p2162760408.jpg
娜娜,9.1,日本,爱情,https://movie.douban.com/subject/1794082/,https://img3.doubanio.com/view/photo/s_ratio_poster/public/p2494828785.jpg
蜂蜜与四叶草,9.3,日本,爱情,https://movie.douban.com/subject/1770547/,https://img3.doubanio.com/view/photo/s_ratio_poster/public/p2508912962.jpg
月刊少女野崎君,9.2,日本,爱情,https://movie.douban.com/subject/25850705/,https://img1.doubanio.com/view/photo/s_ratio_poster/public/p2191065569.jpg
浪客剑心：追忆篇,9.2,日本,爱情,https://movie.douban.com/subject/1421721/,https://img1.doubanio.com/view/photo/s_ratio_poster/public/p2501068908.jpg
命运石之门,9.2,日本,爱情,https://movie.douban.com/subject/4925398/,https://img3.doubanio.com/view/photo/s_ratio_poster/public/p1948151693.jpg
最完美的离婚 2014特别篇,9.1,日本,爱情,https://movie.douban.com/subject/25790749/,https://img1.doubanio.com/view/photo/s_ratio_poster/public/p2186872257.jpg
棒球英豪,9.2,日本,爱情,https://movie.douban.com/subject/1756889/,https://img3.doubanio.com/view/photo/s_ratio_poster/public/p2236904341.jpg
蜂蜜与四叶草II,9.4,日本,爱情,https://movie.douban.com/subject/1892335/,https://img3.doubanio.com/view/photo/s_ratio_poster/public/p696800581.jpg
交响情人梦,9.1,日本,爱情,https://movie.douban.com/subject/1950601/,https://img3.doubanio.com/view/photo/s_ratio_poster/public/p2508911531.jpg
犬夜叉：完结篇,9.0,日本,爱情,https://movie.douban.com/subject/3993290/,https://img1.doubanio.com/view/photo/s_ratio_poster/public/p2178652327.jpg
倒数第二次恋爱,9.1,日本,爱情,https://movie.douban.com/subject/6989744/,https://img1.doubanio.com/view/photo/s_ratio_poster/public/p2186804227.jpg
请回答1988,9.6,韩国,爱情,https://movie.douban.com/subject/26302614/,https://img3.doubanio.com/view/photo/s_ratio_poster/public/p2272563445.jpg
我爱你,9.0,韩国,爱情,https://movie.douban.com/subject/5908478/,https://img1.doubanio.com/view/photo/s_ratio_poster/public/p1075591188.jpg
请回答1997,9.0,韩国,爱情,https://movie.douban.com/subject/11516684/,https://img1.doubanio.com/view/photo/s_ratio_poster/public/p2407174319.jpg
搞笑一家人,9.4,韩国,爱情,https://movie.douban.com/subject/2360882/,https://img3.doubanio.com/view/photo/s_ratio_poster/public/p2187842414.jpg
心里的声音,9.0,韩国,爱情,https://movie.douban.com/subject/26435723/,https://img3.doubanio.com/view/photo/s_ratio_poster/public/p2388072355.jpg
我亲爱的朋友们,9.5,韩国,爱情,https://movie.douban.com/subject/26636816/,https://img1.doubanio.com/view/photo/s_ratio_poster/public/p2352956717.jpg
家门的荣光,9.0,韩国,爱情,https://movie.douban.com/subject/3293687/,https://img3.doubanio.com/view/photo/s_ratio_poster/public/p957671753.jpg
住在清潭洞,9.2,韩国,爱情,https://movie.douban.com/subject/7055683/,https://img3.doubanio.com/view/photo/s_ratio_poster/public/p1330107821.jpg
孝利家民宿 第一季,9.4,韩国,爱情,https://movie.douban.com/subject/27068899/,https://img3.doubanio.com/view/photo/s_ratio_poster/public/p2493056093.jpg
奥林匹斯星传,9.1,韩国,爱情,https://movie.douban.com/subject/4287117/,https://img3.doubanio.com/view/photo/s_ratio_poster/public/p1444653174.jpg
人生真美丽,9.0,韩国,爱情,https://movie.douban.com/subject/4728560/,https://img3.doubanio.com/view/photo/s_ratio_poster/public/p2358444690.jpg
情书(综艺),9.2,韩国,爱情,https://movie.douban.com/subject/25890057/,https://img3.doubanio.com/view/photo/s_ratio_poster/public/p2187052502.jpg
Super Junior Full House,9.1,韩国,爱情,https://movie.douban.com/subject/26353285/,https://img3.doubanio.com/view/photo/s_ratio_poster/public/p2234782786.jpg
无理的李英爱 第3季,9.1,韩国,爱情,https://movie.douban.com/subject/3993703/,https://img1.doubanio.com/lpic/s4546688.jpg
无理的李英爱 第2季,9.0,韩国,爱情,https://movie.douban.com/subject/5375814/,https://img1.doubanio.com/lpic/s4546687.jpg
Inception,9.3,英国,爱情,https://movie.douban.com/subject/03541415/,https://img3.doubanio.com/view/photo/s_ratio_poster/public/p513344864.jpg
唐顿庄园  第一季,9.2,英国,爱情,https://movie.douban.com/subject/4769314/,https://img3.doubanio.com/view/photo/s_ratio_poster/public/p1592582113.jpg
傲慢与偏见,9.2,英国,爱情,https://movie.douban.com/subject/1301174/,https://img1.doubanio.com/view/photo/s_ratio_poster/public/p2184360268.jpg
南方与北方,9.2,英国,爱情,https://movie.douban.com/subject/1439487/,https://img3.doubanio.com/view/photo/s_ratio_poster/public/p1488838055.jpg
唐顿庄园：2011圣诞特别篇,9.2,英国,爱情,https://movie.douban.com/subject/6870362/,https://img1.doubanio.com/view/photo/s_ratio_poster/public/p1711501188.jpg
去他*的世界,9.1,英国,爱情,https://movie.douban.com/subject/27031389/,https://img3.doubanio.com/view/photo/s_ratio_poster/public/p2507719850.jpg
极品基老伴 第二季,9.3,英国,爱情,https://movie.douban.com/subject/24748854/,https://img3.doubanio.com/view/photo/s_ratio_poster/public/p2255160100.jpg
唐顿庄园 第六季,9.2,英国,爱情,https://movie.douban.com/subject/26254370/,https://img1.doubanio.com/view/photo/s_ratio_poster/public/p2286397618.jpg
极品基老伴：完结篇,9.3,英国,爱情,https://movie.douban.com/subject/26700818/,https://img3.doubanio.com/view/photo/s_ratio_poster/public/p2360539785.jpg
冤家成双对 第一季,9.0,英国,爱情,https://movie.douban.com/subject/1424702/,https://img3.doubanio.com/view/photo/s_ratio_poster/public/p2375152434.jpg
米兰达  第二季,9.2,英国,爱情,https://movie.douban.com/subject/5370003/,https://img3.doubanio.com/view/photo/s_ratio_poster/public/p2508798745.jpg
极品基老伴：2013圣诞特辑,9.2,英国,爱情,https://movie.douban.com/subject/25758898/,https://img3.doubanio.com/view/photo/s_ratio_poster/public/p2187166976.jpg
米兰达 第三季,9.1,英国,爱情,https://movie.douban.com/subject/19973397/,https://img3.doubanio.com/view/photo/s_ratio_poster/public/p2187870370.jpg
唐顿庄园：2015圣诞特别篇,9.4,英国,爱情,https://movie.douban.com/subject/26320001/,https://img3.doubanio.com/view/photo/s_ratio_poster/public/p2292519115.jpg
冤家成双对 第二季,9.4,英国,爱情,https://movie.douban.com/subject/4022115/,https://img3.doubanio.com/view/photo/s_ratio_poster/public/p2375152452.jpg
冤家成双对 第三季,9.4,英国,爱情,https://movie.douban.com/subject/4049928/,https://img3.doubanio.com/view/photo/s_ratio_poster/public/p2375152470.jpg
故园风雨后,9.2,英国,爱情,https://movie.douban.com/subject/1439497/,https://img3.doubanio.com/view/photo/s_ratio_poster/public/p699922842.jpg
克兰弗德 第一季,9.0,英国,爱情,https://movie.douban.com/subject/2142549/,https://img1.doubanio.com/view/photo/s_ratio_poster/public/p1916606799.jpg
剧院魅影：25周年纪念演出,9.7,英国,爱情,https://movie.douban.com/subject/24751811/,https://img3.doubanio.com/view/photo/s_ratio_poster/public/p2006533765.jpg
英版同志亦凡人 第二季,9.2,英国,爱情,https://movie.douban.com/subject/1957900/,https://img1.doubanio.com/view/photo/s_ratio_poster/public/p1714164367.jpg
这个杀手不太冷,9.4,法国,爱情,https://movie.douban.com/subject/1295644/,https://img3.doubanio.com/view/photo/s_ratio_poster/public/p511118051.jpg
天堂电影院,9.1,法国,爱情,https://movie.douban.com/subject/1291828/,https://img3.doubanio.com/view/photo/s_ratio_poster/public/p1910901025.jpg
沉静如海,9.0,法国,爱情,https://movie.douban.com/subject/1769507/,https://img3.doubanio.com/view/photo/s_ratio_poster/public/p2365157916.jpg
卡比利亚之夜,9.0,法国,爱情,https://movie.douban.com/subject/1294781/,https://img3.doubanio.com/view/photo/s_ratio_poster/public/p922159253.jpg
请以你的名字呼唤我,9.0,法国,爱情,https://movie.douban.com/subject/26799731/,https://img3.doubanio.com/view/photo/s_ratio_poster/public/p2505525050.jpg
巴黎圣母院,9.3,法国,爱情,https://movie.douban.com/subject/20326557/,https://img3.doubanio.com/view/photo/s_ratio_poster/public/p2329626263.jpg
卡门,9.1,法国,爱情,https://movie.douban.com/subject/1448669/,https://img3.doubanio.com/view/photo/s_ratio_poster/public/p2500317262.jpg
罗密欧与朱丽叶,9.3,法国,爱情,https://movie.douban.com/subject/25928148/,https://img3.doubanio.com/view/photo/s_ratio_poster/public/p2224933614.jpg
索菲和弗吉尼亚,9.1,法国,爱情,https://movie.douban.com/subject/3015770/,https://img3.doubanio.com/lpic/s2974213.jpg
出生入死 第一季,9.4,法国,爱情,https://movie.douban.com/subject/1506761/,https://img1.doubanio.com/lpic/s1506939.jpg
阿德尔曼夫妇,9.0,法国,爱情,https://movie.douban.com/subject/26951692/,https://img3.doubanio.com/view/photo/s_ratio_poster/public/p2417978591.jpg
柴可夫斯基芭蕾舞剧：胡桃夹子,9.0,法国,爱情,https://movie.douban.com/subject/3541997/,https://img3.doubanio.com/view/photo/s_ratio_poster/public/p2327920276.jpg
吉塞尔,9.5,法国,爱情,https://movie.douban.com/subject/5156658/,https://img1.doubanio.com/view/photo/s_ratio_poster/public/p2253932817.jpg
爱尔丝小姐,9.0,法国,爱情,https://movie.douban.com/subject/2084602/,https://img1.doubanio.com/view/photo/s_ratio_poster/public/p2153966838.jpg
法老的女儿,9.5,法国,爱情,https://movie.douban.com/subject/1899210/,https://img3.doubanio.com/view/photo/s_ratio_poster/public/p1076710953.jpg
尼伯龙根的指环,9.4,法国,爱情,https://movie.douban.com/subject/1432532/,https://img1.doubanio.com/lpic/s1446467.jpg
Michel Gondry 2: More Videos,9.0,法国,爱情,https://movie.douban.com/subject/3872558/,https://img3.doubanio.com/view/photo/s_ratio_poster/public/p2192255135.jpg
法兰西之恋,9.2,法国,爱情,https://movie.douban.com/subject/3103540/,https://img3.doubanio.com/view/photo/s_ratio_poster/public/p1989299706.jpg
沉静如海,9.0,德国,爱情,https://movie.douban.com/subject/1769507/,https://img3.doubanio.com/view/photo/s_ratio_poster/public/p2365157916.jpg
我们的父辈,9.6,德国,爱情,https://movie.douban.com/subject/22623816/,https://img3.doubanio.com/view/photo/s_ratio_poster/public/p1971263436.jpg
阿德龙大酒店,9.1,德国,爱情,https://movie.douban.com/subject/24699931/,https://img1.doubanio.com/view/photo/s_ratio_poster/public/p2012353427.jpg
伊丽莎白,9.6,德国,爱情,https://movie.douban.com/subject/24877005/,https://img3.doubanio.com/view/photo/s_ratio_poster/public/p2264336223.jpg
费加罗的婚礼,9.1,德国,爱情,https://movie.douban.com/subject/1797500/,https://img1.doubanio.com/view/photo/s_ratio_poster/public/p2272483089.jpg
芭蕾电影《吉赛尔》,9.3,德国,爱情,https://movie.douban.com/subject/1797540/,https://img1.doubanio.com/view/photo/s_ratio_poster/public/p2352966949.jpg
爱的奇迹,9.0,德国,爱情,https://movie.douban.com/subject/2119286/,https://img3.doubanio.com/view/photo/s_ratio_poster/public/p533191776.jpg
爱尔丝小姐,9.0,德国,爱情,https://movie.douban.com/subject/2084602/,https://img1.doubanio.com/view/photo/s_ratio_poster/public/p2153966838.jpg
祖母的照相馆,9.2,德国,爱情,https://movie.douban.com/subject/11587751/,https://img3.doubanio.com/view/photo/s_ratio_poster/public/p1659366674.jpg
尼伯龙根的指环,9.4,德国,爱情,https://movie.douban.com/subject/1432532/,https://img1.doubanio.com/lpic/s1446467.jpg
法兰西之恋,9.2,德国,爱情,https://movie.douban.com/subject/3103540/,https://img3.doubanio.com/view/photo/s_ratio_poster/public/p1989299706.jpg
海上钢琴师,9.2,意大利,爱情,https://movie.douban.com/subject/1292001/,https://img1.doubanio.com/view/photo/s_ratio_poster/public/p511146807.jpg
美丽人生,9.5,意大利,爱情,https://movie.douban.com/subject/1292063/,https://img3.doubanio.com/view/photo/s_ratio_poster/public/p510861873.jpg
天堂电影院,9.1,意大利,爱情,https://movie.douban.com/subject/1291828/,https://img3.doubanio.com/view/photo/s_ratio_poster/public/p1910901025.jpg
美国往事,9.1,意大利,爱情,https://movie.douban.com/subject/1292262/,https://img1.doubanio.com/view/photo/s_ratio_poster/public/p477229647.jpg
灿烂人生,9.3,意大利,爱情,https://movie.douban.com/subject/1291831/,https://img3.doubanio.com/view/photo/s_ratio_poster/public/p1161132422.jpg
卡比利亚之夜,9.0,意大利,爱情,https://movie.douban.com/subject/1294781/,https://img3.doubanio.com/view/photo/s_ratio_poster/public/p922159253.jpg
请以你的名字呼唤我,9.0,意大利,爱情,https://movie.douban.com/subject/26799731/,https://img3.doubanio.com/view/photo/s_ratio_poster/public/p2505525050.jpg
费加罗的婚礼,9.1,意大利,爱情,https://movie.douban.com/subject/1797500/,https://img1.doubanio.com/view/photo/s_ratio_poster/public/p2272483089.jpg
出生入死 第一季,9.4,意大利,爱情,https://movie.douban.com/subject/1506761/,https://img1.doubanio.com/lpic/s1506939.jpg
图兰朵,9.3,意大利,爱情,https://movie.douban.com/subject/11531648/,https://img1.doubanio.com/view/photo/s_ratio_poster/public/p2226863848.jpg
心灵城堡,9.1,意大利,爱情,https://movie.douban.com/subject/2346973/,https://img3.doubanio.com/view/photo/s_ratio_poster/public/p1811092591.jpg
隐秘的激情,9.0,西班牙,爱情,https://movie.douban.com/subject/1958951/,https://img3.doubanio.com/view/photo/s_ratio_poster/public/p1489780910.jpg
三傻大闹宝莱坞,9.1,印度,爱情,https://movie.douban.com/subject/3793023/,https://img3.doubanio.com/view/photo/s_ratio_poster/public/p579729551.jpg
爱的奇迹,9.0,印度,爱情,https://movie.douban.com/subject/2119286/,https://img3.doubanio.com/view/photo/s_ratio_poster/public/p533191776.jpg
曼谷基友记 第二季,9.1,泰国,爱情,https://movie.douban.com/subject/26990799/,https://img3.doubanio.com/view/photo/s_ratio_poster/public/p2459674360.jpg
极限S：羽毛球篇,9.1,泰国,爱情,https://movie.douban.com/subject/27087630/,https://img3.doubanio.com/view/photo/s_ratio_poster/public/p2492744060.jpg
萤爱,9.2,泰国,爱情,https://movie.douban.com/subject/4739972/,https://img3.doubanio.com/view/photo/s_ratio_poster/public/p1421648203.jpg
血脉,9.0,泰国,爱情,https://movie.douban.com/subject/6796157/,https://img3.doubanio.com/view/photo/s_ratio_poster/public/p1425312305.jpg
婆媳之争,9.0,泰国,爱情,https://movie.douban.com/subject/27032259/,https://img1.doubanio.com/view/photo/s_ratio_poster/public/p2457112527.jpg
情定菜市场,9.3,泰国,爱情,https://movie.douban.com/subject/10827324/,https://img3.doubanio.com/view/photo/s_ratio_poster/public/p2504874054.jpg
劫缘,9.0,泰国,爱情,https://movie.douban.com/subject/6999176/,https://img3.doubanio.com/view/photo/s_ratio_poster/public/p2195014195.jpg
金顶,9.1,泰国,爱情,https://movie.douban.com/subject/26274897/,https://img3.doubanio.com/view/photo/s_ratio_poster/public/p2349199483.jpg
战斗民族养成记,9.1,俄罗斯,爱情,https://movie.douban.com/subject/26775543/,https://img3.doubanio.com/view/photo/s_ratio_poster/public/p2362194522.jpg
背叛,9.2,俄罗斯,爱情,https://movie.douban.com/subject/26820511/,https://img1.doubanio.com/view/photo/s_ratio_poster/public/p2360667127.jpg
士兵之歌,9.0,俄罗斯,爱情,https://movie.douban.com/subject/1295614/,https://img1.doubanio.com/view/photo/s_ratio_poster/public/p806332287.jpg
通灵之战 第一季,9.2,俄罗斯,爱情,https://movie.douban.com/subject/26973792/,https://img3.doubanio.com/view/photo/s_ratio_poster/public/p2428143641.jpg
厨房 第一季,9.0,俄罗斯,爱情,https://movie.douban.com/subject/24847992/,https://img3.doubanio.com/view/photo/s_ratio_poster/public/p2198687844.jpg
战争与和平2：娜塔莎・罗斯托娃,9.1,俄罗斯,爱情,https://movie.douban.com/subject/1303712/,https://img3.doubanio.com/view/photo/s_ratio_poster/public/p996286156.jpg
大师与玛格丽特,9.0,俄罗斯,爱情,https://movie.douban.com/subject/1759375/,https://img1.doubanio.com/view/photo/s_ratio_poster/public/p1711920999.jpg
通灵之战 第十四季,9.2,俄罗斯,爱情,https://movie.douban.com/subject/27052566/,https://img3.doubanio.com/view/photo/s_ratio_poster/public/p2461966686.jpg
柴可夫斯基芭蕾舞剧：胡桃夹子,9.0,俄罗斯,爱情,https://movie.douban.com/subject/3541997/,https://img3.doubanio.com/view/photo/s_ratio_poster/public/p2327920276.jpg
厨房 第二季,9.4,俄罗斯,爱情,https://movie.douban.com/subject/26957915/,https://img3.doubanio.com/view/photo/s_ratio_poster/public/p2027558155.jpg
厨房 第三季,9.3,俄罗斯,爱情,https://movie.douban.com/subject/26988116/,https://img1.doubanio.com/view/photo/s_ratio_poster/public/p2497549629.jpg
厨房 第四季,9.3,俄罗斯,爱情,https://movie.douban.com/subject/27021721/,https://img1.doubanio.com/view/photo/s_ratio_poster/public/p2497550697.jpg
厨房 第六季,9.4,俄罗斯,爱情,https://movie.douban.com/subject/27046386/,https://img1.doubanio.com/view/photo/s_ratio_poster/public/p2462569069.jpg
厨房 第五季,9.3,俄罗斯,爱情,https://movie.douban.com/subject/27042440/,https://img3.doubanio.com/view/photo/s_ratio_poster/public/p2394967073.jpg
娜斯佳和她的父亲们,9.0,俄罗斯,爱情,https://movie.douban.com/subject/4040438/,https://img3.doubanio.com/view/photo/s_ratio_poster/public/p2190397911.jpg
同志亦凡人 第二季,9.2,加拿大,爱情,https://movie.douban.com/subject/4016543/,https://img1.doubanio.com/view/photo/s_ratio_poster/public/p2384427749.jpg
同志亦凡人 第三季,9.3,加拿大,爱情,https://movie.douban.com/subject/4004936/,https://img1.doubanio.com/view/photo/s_ratio_poster/public/p2384427687.jpg
同志亦凡人 第五季,9.3,加拿大,爱情,https://movie.douban.com/subject/4707570/,https://img3.doubanio.com/view/photo/s_ratio_poster/public/p2187840512.jpg
同志亦凡人 第四季,9.1,加拿大,爱情,https://movie.douban.com/subject/4707224/,https://img3.doubanio.com/view/photo/s_ratio_poster/public/p2384429731.jpg
绝不松开我的拳头,9.0,加拿大,爱情,https://movie.douban.com/subject/26199883/,https://img1.doubanio.com/view/photo/s_ratio_poster/public/p2207905589.jpg
清秀佳人第二部,9.2,加拿大,爱情,https://movie.douban.com/subject/5047697/,https://img3.doubanio.com/view/photo/s_ratio_poster/public/p1968503455.jpg
维京传奇 第五季,9.1,加拿大,爱情,https://movie.douban.com/subject/26774324/,https://img1.doubanio.com/view/photo/s_ratio_poster/public/p2501723469.jpg
请喜欢我 第三季,9.0,澳大利亚,爱情,https://movie.douban.com/subject/26257546/,https://img3.doubanio.com/view/photo/s_ratio_poster/public/p2258218662.jpg
请喜欢我 第四季,9.1,澳大利亚,爱情,https://movie.douban.com/subject/26810226/,https://img3.doubanio.com/view/photo/s_ratio_poster/public/p2357810102.jpg
夏日高中,9.1,澳大利亚,爱情,https://movie.douban.com/subject/2287285/,https://img1.doubanio.com/lpic/s4709197.jpg
维京传奇 第五季,9.1,爱尔兰,爱情,https://movie.douban.com/subject/26774324/,https://img1.doubanio.com/view/photo/s_ratio_poster/public/p2501723469.jpg
戴上手套擦泪,9.0,瑞典,爱情,https://movie.douban.com/subject/20152546/,https://img1.doubanio.com/view/photo/s_ratio_poster/public/p2266508338.jpg
请以你的名字呼唤我,9.0,巴西,爱情,https://movie.douban.com/subject/26799731/,https://img3.doubanio.com/view/photo/s_ratio_poster/public/p2505525050.jpg
